nconst,profession
nm0000001,soundtrack
nm0000001,actor
nm0000001,miscellaneous
nm0000002,actress
nm0000002,soundtrack
nm0000003,actress
nm0000003,soundtrack
nm0000003,music_department
nm0000004,actor
nm0000004,soundtrack
nm0000004,writer
nm0000005,writer
nm0000005,director
nm0000005,actor
nm0000006,actress
nm0000006,soundtrack
nm0000006,producer
nm0000007,actor
nm0000007,soundtrack
nm0000007,producer
nm0000008,actor
nm0000008,soundtrack
nm0000008,director
nm0000009,actor
nm0000009,soundtrack
nm0000009,producer
nm0000010,actor
nm0000010,soundtrack
nm0000010,director
nm0000011,actor
nm0000011,soundtrack
nm0000011,producer
nm0000012,actress
nm0000012,soundtrack
nm0000012,make_up_department
nm0000013,soundtrack
nm0000013,actress
nm0000013,producer
nm0000014,actress
nm0000014,soundtrack
nm0000015,actor
nm0000015,miscellaneous
nm0000016,composer
nm0000016,soundtrack
nm0000016,music_department
nm0000017,soundtrack
nm0000017,actress
nm0000017,music_department
nm0000018,actor
nm0000018,producer
nm0000018,soundtrack
nm0000019,writer
nm0000019,director
nm0000019,assistant_director
nm0000020,actor
nm0000020,producer
nm0000020,soundtrack
nm0000021,actress
nm0000021,soundtrack
nm0000021,producer
nm0000022,actor
nm0000022,soundtrack
nm0000022,producer
nm0000023,soundtrack
nm0000023,actress
nm0000024,actor
nm0000024,writer
nm0000024,director
nm0000025,music_department
nm0000025,soundtrack
nm0000025,composer
nm0000026,actor
nm0000026,soundtrack
nm0000026,producer
nm0000027,actor
nm0000027,soundtrack
nm0000027,writer
nm0000028,actress
nm0000028,soundtrack
nm0000028,producer
nm0000029,actress
nm0000029,miscellaneous
nm0000030,actress
nm0000030,soundtrack
nm0000031,actress
nm0000031,soundtrack
nm0000031,writer
nm0000032,actor
nm0000032,director
nm0000032,writer
nm0000033,director
nm0000033,producer
nm0000033,writer
nm0000034,actor
nm0000034,soundtrack
nm0000035,music_department
nm0000035,soundtrack
nm0000035,composer
nm0000036,actor
nm0000036,writer
nm0000036,director
nm0000037,soundtrack
nm0000037,actor
nm0000037,director
nm0000038,actress
nm0000038,soundtrack
nm0000039,actress
nm0000039,soundtrack
nm0000040,writer
nm0000040,director
nm0000040,producer
nm0000041,writer
nm0000041,director
nm0000041,assistant_director
nm0000042,actor
nm0000042,producer
nm0000042,camera_department
nm0000043,actress
nm0000043,soundtrack
nm0000043,producer
nm0000044,actor
nm0000044,producer
nm0000044,miscellaneous
nm0000045,actor
nm0000045,writer
nm0000045,miscellaneous
nm0000046,actress
nm0000046,soundtrack
nm0000046,writer
nm0000047,actress
nm0000047,soundtrack
nm0000048,actor
nm0000048,soundtrack
nm0000048,writer
nm0000049,music_department
nm0000049,soundtrack
nm0000049,composer
nm0000050,soundtrack
nm0000050,actor
nm0000050,writer
nm0000051,actor
nm0000051,producer
nm0000051,writer
nm0000052,actor
nm0000052,producer
nm0000052,soundtrack
nm0000053,actor
nm0000053,soundtrack
nm0000053,producer
nm0000054,soundtrack
nm0000054,actress
nm0000054,writer
nm0000055,music_department
nm0000055,composer
nm0000055,soundtrack
nm0000056,actor
nm0000056,producer
nm0000056,director
nm0000057,actor
nm0000057,producer
nm0000057,soundtrack
nm0000058,actress
nm0000058,soundtrack
nm0000059,actor
nm0000059,producer
nm0000059,director
nm0000060,actor
nm0000060,producer
nm0000060,soundtrack
nm0000061,actor
nm0000061,soundtrack
nm0000061,producer
nm0000062,soundtrack
nm0000062,actor
nm0000062,music_department
nm0000063,actor
nm0000063,producer
nm0000063,soundtrack
nm0000064,actor
nm0000064,soundtrack
nm0000064,writer
nm0000065,composer
nm0000065,soundtrack
nm0000065,music_department
nm0000066,actress
nm0000066,soundtrack
nm0000066,producer
nm0000067,music_department
nm0000067,composer
nm0000067,soundtrack
nm0000068,actor
nm0000068,producer
nm0000068,soundtrack
nm0000069,soundtrack
nm0000069,actor
nm0000069,producer
nm0000070,music_department
nm0000070,composer
nm0000070,soundtrack
nm0000071,actor
nm0000071,soundtrack
nm0000071,director
nm0000072,actress
nm0000072,soundtrack
nm0000072,producer
nm0000073,actress
nm0000073,soundtrack
nm0000073,writer
nm0000074,actress
nm0000074,soundtrack
nm0000075,actor
nm0000075,soundtrack
nm0000076,writer
nm0000076,director
nm0000076,producer
nm0000077,music_department
nm0000077,composer
nm0000077,soundtrack
nm0000078,actor
nm0000078,producer
nm0000078,soundtrack
nm0000079,actress
nm0000079,soundtrack
nm0000079,producer
nm0000080,actor
nm0000080,director
nm0000080,writer
nm0000081,actress
nm0000081,soundtrack
nm0000081,music_department
nm0000082,music_department
nm0000082,soundtrack
nm0000082,composer
nm0000083,editor
nm0000083,writer
nm0000083,director
nm0000084,actress
nm0000084,producer
nm0000085,cinematographer
nm0000085,producer
nm0000085,camera_department
nm0000086,actor
nm0000086,writer
nm0000086,soundtrack
nm0000087,actress
nm0000087,casting_director
nm0000087,soundtrack
nm0000088,director
nm0000088,writer
nm0000088,assistant_director
nm0000089,actor
nm0000089,soundtrack
nm0000090,actor
nm0000090,director
nm0000090,writer
nm0000091,director
nm0000091,writer
nm0000091,actor
nm0000092,actor
nm0000092,writer
nm0000092,producer
nm0000093,actor
nm0000093,producer
nm0000093,soundtrack
nm0000094,writer
nm0000095,writer
nm0000095,director
nm0000095,actor
nm0000096,actress
nm0000096,producer
nm0000096,soundtrack
nm0000097,actress
nm0000097,producer
nm0000097,director
nm0000098,actress
nm0000098,producer
nm0000098,soundtrack
nm0000099,actress
nm0000099,soundtrack
nm0000099,director
nm0000100,actor
nm0000100,writer
nm0000100,producer
nm0000101,writer
nm0000101,actor
nm0000101,producer
nm0000102,actor
nm0000102,producer
nm0000102,soundtrack
nm0000103,actress
nm0000103,soundtrack
nm0000104,actor
nm0000104,soundtrack
nm0000104,writer
nm0000105,actress
nm0000105,soundtrack
nm0000106,producer
nm0000106,actress
nm0000106,soundtrack
nm0000107,actress
nm0000107,soundtrack
nm0000107,producer
nm0000108,writer
nm0000108,producer
nm0000108,director
nm0000109,actress
nm0000110,actor
nm0000110,producer
nm0000110,director
nm0000111,actor
nm0000111,soundtrack
nm0000111,director
nm0000112,actor
nm0000112,producer
nm0000112,soundtrack
nm0000113,producer
nm0000113,actress
nm0000113,soundtrack
nm0000114,actor
nm0000114,producer
nm0000114,director
nm0000115,actor
nm0000115,producer
nm0000115,soundtrack
nm0000116,writer
nm0000116,producer
nm0000116,director
nm0000117,actress
nm0000117,producer
nm0000117,soundtrack
nm0000118,soundtrack
nm0000118,writer
nm0000118,composer
nm0000119,actress
nm0000119,soundtrack
nm0000119,producer
nm0000120,actor
nm0000120,writer
nm0000120,producer
nm0000121,actress
nm0000121,soundtrack
nm0000122,writer
nm0000122,soundtrack
nm0000122,actor
nm0000123,actor
nm0000123,producer
nm0000123,director
nm0000124,actress
nm0000125,actor
nm0000125,producer
nm0000125,soundtrack
nm0000126,actor
nm0000126,producer
nm0000126,soundtrack
nm0000127,writer
nm0000127,producer
nm0000127,director
nm0000128,actor
nm0000128,soundtrack
nm0000128,producer
nm0000129,actor
nm0000129,producer
nm0000129,soundtrack
nm0000130,actress
nm0000130,producer
nm0000130,director
nm0000131,actor
nm0000131,producer
nm0000131,writer
nm0000132,actress
nm0000132,producer
nm0000132,soundtrack
nm0000133,actress
nm0000133,producer
nm0000133,soundtrack
nm0000134,actor
nm0000134,producer
nm0000134,soundtrack
nm0000135,soundtrack
nm0000135,music_department
nm0000135,actor
nm0000136,actor
nm0000136,producer
nm0000136,soundtrack
nm0000137,actress
nm0000137,producer
nm0000137,miscellaneous
nm0000138,actor
nm0000138,producer
nm0000138,soundtrack
nm0000139,actress
nm0000139,producer
nm0000139,soundtrack
nm0000140,actor
nm0000140,producer
nm0000140,soundtrack
nm0000141,actor
nm0000141,producer
nm0000141,director
nm0000142,actor
nm0000142,producer
nm0000142,director
nm0000143,actress
nm0000144,actor
nm0000144,producer
nm0000144,director
nm0000145,actress
nm0000145,soundtrack
nm0000146,actor
nm0000146,director
nm0000146,producer
nm0000147,actor
nm0000147,producer
nm0000147,soundtrack
nm0000148,actor
nm0000148,writer
nm0000148,producer
nm0000149,actress
nm0000149,director
nm0000149,producer
nm0000150,actor
nm0000150,producer
nm0000150,miscellaneous
nm0000151,actor
nm0000151,producer
nm0000151,soundtrack
nm0000152,actor
nm0000152,soundtrack
nm0000152,producer
nm0000153,actress
nm0000153,soundtrack
nm0000153,producer
nm0000154,actor
nm0000154,producer
nm0000154,director
nm0000155,actress
nm0000155,producer
nm0000155,writer
nm0000156,actor
nm0000156,soundtrack
nm0000156,producer
nm0000157,actress
nm0000158,producer
nm0000158,actor
nm0000158,soundtrack
nm0000159,actress
nm0000159,soundtrack
nm0000159,writer
nm0000160,actor
nm0000160,writer
nm0000160,producer
nm0000161,actress
nm0000161,producer
nm0000161,soundtrack
nm0000162,actress
nm0000162,writer
nm0000162,producer
nm0000163,actor
nm0000163,producer
nm0000163,soundtrack
nm0000164,actor
nm0000164,soundtrack
nm0000164,composer
nm0000165,actor
nm0000165,producer
nm0000165,writer
nm0000166,actress
nm0000166,producer
nm0000166,director
nm0000167,actress
nm0000167,producer
nm0000168,actor
nm0000168,producer
nm0000168,soundtrack
nm0000169,actor
nm0000169,director
nm0000169,soundtrack
nm0000170,actress
nm0000170,soundtrack
nm0000170,producer
nm0000171,actress
nm0000171,producer
nm0000171,director
nm0000172,actor
nm0000172,producer
nm0000172,soundtrack
nm0000173,actress
nm0000173,producer
nm0000173,soundtrack
nm0000174,actor
nm0000174,soundtrack
nm0000174,producer
nm0000175,writer
nm0000175,producer
nm0000175,actor
nm0000176,actress
nm0000176,producer
nm0000176,soundtrack
nm0000177,actor
nm0000177,soundtrack
nm0000177,music_department
nm0000178,actress
nm0000178,soundtrack
nm0000179,actor
nm0000179,producer
nm0000179,soundtrack
nm0000180,editor
nm0000180,director
nm0000180,writer
nm0000181,actress
nm0000181,producer
nm0000181,soundtrack
nm0000182,actress
nm0000182,producer
nm0000182,soundtrack
nm0000183,actress
nm0000183,soundtrack
nm0000183,producer
nm0000184,writer
nm0000184,producer
nm0000184,director
nm0000185,actor
nm0000185,producer
nm0000185,director
nm0000186,writer
nm0000186,director
nm0000186,producer
nm0000187,soundtrack
nm0000187,composer
nm0000187,music_department
nm0000188,writer
nm0000188,actor
nm0000188,soundtrack
nm0000189,actress
nm0000189,producer
nm0000189,writer
nm0000190,actor
nm0000190,producer
nm0000190,soundtrack
nm0000191,actor
nm0000191,writer
nm0000191,producer
nm0000192,actress
nm0000192,producer
nm0000192,soundtrack
nm0000193,actress
nm0000193,producer
nm0000193,director
nm0000194,actress
nm0000194,producer
nm0000194,soundtrack
nm0000195,actor
nm0000195,soundtrack
nm0000195,writer
nm0000196,actor
nm0000196,writer
nm0000196,soundtrack
nm0000197,actor
nm0000197,soundtrack
nm0000197,producer
nm0000198,actor
nm0000198,soundtrack
nm0000198,producer
nm0000199,actor
nm0000199,producer
nm0000199,soundtrack
nm0000200,actor
nm0000200,producer
nm0000200,writer
nm0000201,actress
nm0000201,soundtrack
nm0000201,producer
nm0000202,actor
nm0000202,producer
nm0000202,director
nm0000203,actor
nm0000203,soundtrack
nm0000204,actress
nm0000204,producer
nm0000204,soundtrack
nm0000205,actress
nm0000205,soundtrack
nm0000205,writer
nm0000206,actor
nm0000206,producer
nm0000206,soundtrack
nm0000207,actress
nm0000207,producer
nm0000207,soundtrack
nm0000208,actress
nm0000208,soundtrack
nm0000208,music_department
nm0000209,actor
nm0000209,producer
nm0000209,director
nm0000210,actress
nm0000210,producer
nm0000210,soundtrack
nm0000211,actress
nm0000211,producer
nm0000211,soundtrack
nm0000212,actress
nm0000212,producer
nm0000212,soundtrack
nm0000213,actress
nm0000213,producer
nm0000213,soundtrack
nm0000214,actress
nm0000214,soundtrack
nm0000215,actress
nm0000215,producer
nm0000215,soundtrack
nm0000216,actor
nm0000216,producer
nm0000216,director
nm0000217,producer
nm0000217,director
nm0000217,actor
nm0000218,actress
nm0000218,soundtrack
nm0000218,director
nm0000219,producer
nm0000219,actor
nm0000219,writer
nm0000220,actress
nm0000220,producer
nm0000221,actor
nm0000221,producer
nm0000221,soundtrack
nm0000222,actress
nm0000222,producer
nm0000222,soundtrack
nm0000223,actress
nm0000223,soundtrack
nm0000223,producer
nm0000224,actress
nm0000224,producer
nm0000224,soundtrack
nm0000225,actor
nm0000225,producer
nm0000225,soundtrack
nm0000226,producer
nm0000226,actor
nm0000226,soundtrack
nm0000227,actress
nm0000227,producer
nm0000227,soundtrack
nm0000228,actor
nm0000228,producer
nm0000228,soundtrack
nm0000229,producer
nm0000229,writer
nm0000229,director
nm0000230,actor
nm0000230,writer
nm0000230,producer
nm0000231,producer
nm0000231,director
nm0000231,writer
nm0000232,actress
nm0000232,producer
nm0000232,soundtrack
nm0000233,writer
nm0000233,actor
nm0000233,producer
nm0000234,producer
nm0000234,actress
nm0000234,soundtrack
nm0000235,actress
nm0000235,soundtrack
nm0000235,writer
nm0000236,actress
nm0000236,soundtrack
nm0000236,writer
nm0000237,actor
nm0000237,soundtrack
nm0000237,producer
nm0000238,actress
nm0000238,producer
nm0000238,miscellaneous
nm0000239,actress
nm0000239,soundtrack
nm0000239,producer
nm0000240,actor
nm0000240,director
nm0000240,producer
nm0000241,actor
nm0000241,writer
nm0000241,producer
nm0000242,producer
nm0000242,actor
nm0000242,soundtrack
nm0000243,actor
nm0000243,producer
nm0000243,soundtrack
nm0000244,actress
nm0000244,soundtrack
nm0000244,producer
nm0000245,actor
nm0000245,soundtrack
nm0000245,writer
nm0000246,actor
nm0000246,producer
nm0000246,soundtrack
nm0000247,director
nm0000247,producer
nm0000247,writer
nm0000248,writer
nm0000248,director
nm0000248,actor
nm0000249,actor
nm0000249,producer
nm0000249,soundtrack
nm0000250,actress
nm0000250,soundtrack
nm0000250,producer
nm0000251,actor
nm0000251,writer
nm0000251,script_department
nm0000252,actor
nm0000252,director
nm0000252,writer
nm0000253,art_director
nm0000253,miscellaneous
nm0000254,actress
nm0000254,soundtrack
nm0000254,producer
nm0000255,producer
nm0000255,actor
nm0000255,writer
nm0000256,actress
nm0000256,soundtrack
nm0000257,actor
nm0000257,miscellaneous
nm0000257,soundtrack
nm0000258,actress
nm0000258,writer
nm0000259,actress
nm0000259,director
nm0000259,writer
nm0000260,actress
nm0000260,producer
nm0000260,soundtrack
nm0000261,actress
nm0000261,director
nm0000261,soundtrack
nm0000262,actress
nm0000262,soundtrack
nm0000263,actress
nm0000263,producer
nm0000263,writer
nm0000264,writer
nm0000264,director
nm0000264,soundtrack
nm0000265,director
nm0000265,producer
nm0000265,writer
nm0000266,actress
nm0000267,actress
nm0000267,soundtrack
nm0000267,writer
nm0000268,actress
nm0000268,soundtrack
nm0000269,director
nm0000269,producer
nm0000269,writer
nm0000270,actress
nm0000270,producer
nm0000270,soundtrack
nm0000271,actress
nm0000271,producer
nm0000271,soundtrack
nm0000272,actress
nm0000272,director
nm0000272,writer
nm0000273,actor
nm0000273,soundtrack
nm0000273,director
nm0000274,producer
nm0000274,actor
nm0000274,director
nm0000275,actress
nm0000275,director
nm0000275,producer
nm0000276,actor
nm0000276,producer
nm0000276,director
nm0000277,actor
nm0000277,producer
nm0000277,director
nm0000278,actress
nm0000278,director
nm0000278,writer
nm0000279,actor
nm0000279,soundtrack
nm0000279,producer
nm0000280,actress
nm0000280,soundtrack
nm0000281,actor
nm0000281,director
nm0000281,producer
nm0000282,actor
nm0000283,actress
nm0000284,actor
nm0000284,soundtrack
nm0000285,actor
nm0000285,producer
nm0000285,soundtrack
nm0000286,actor
nm0000286,producer
nm0000286,director
nm0000287,actor
nm0000287,producer
nm0000287,stunts
nm0000288,actor
nm0000288,editorial_department
nm0000288,producer
nm0000289,actress
nm0000289,producer
nm0000290,music_department
nm0000290,soundtrack
nm0000290,composer
nm0000291,actress
nm0000291,producer
nm0000291,director
nm0000292,actress
nm0000292,miscellaneous
nm0000292,costume_department
nm0000293,actor
nm0000293,producer
nm0000293,animation_department
nm0000294,actress
nm0000294,director
nm0000294,producer
nm0000295,actress
nm0000295,producer
nm0000295,soundtrack
nm0000296,actor
nm0000296,soundtrack
nm0000297,actor
nm0000297,producer
nm0000297,writer
nm0000298,actress
nm0000298,producer
nm0000298,soundtrack
nm0000299,actor
nm0000299,producer
nm0000299,director
nm0000300,actress
nm0000300,director
nm0000300,art_department
nm0000301,actress
nm0000301,producer
nm0000301,soundtrack
nm0000302,actress
nm0000302,producer
nm0000302,soundtrack
nm0000303,actress
nm0000303,soundtrack
nm0000304,actress
nm0000304,soundtrack
nm0000304,producer
nm0000305,actor
nm0000305,soundtrack
nm0000305,music_department
nm0000306,actor
nm0000306,soundtrack
nm0000306,director
nm0000307,actress
nm0000307,soundtrack
nm0000307,producer
nm0000308,actor
nm0000308,soundtrack
nm0000308,producer
nm0000309,soundtrack
nm0000309,composer
nm0000309,actor
nm0000310,actor
nm0000310,soundtrack
nm0000310,producer
nm0000311,actress
nm0000311,soundtrack
nm0000312,actress
nm0000312,producer
nm0000312,writer
nm0000313,actor
nm0000313,soundtrack
nm0000313,producer
nm0000314,actor
nm0000315,actress
nm0000315,soundtrack
nm0000316,actor
nm0000316,writer
nm0000316,soundtrack
nm0000317,actor
nm0000317,soundtrack
nm0000317,producer
nm0000318,producer
nm0000318,miscellaneous
nm0000318,director
nm0000319,actress
nm0000319,director
nm0000319,writer
nm0000320,writer
nm0000320,director
nm0000320,actor
nm0000321,actor
nm0000321,producer
nm0000321,writer
nm0000322,actress
nm0000322,soundtrack
nm0000323,actor
nm0000323,producer
nm0000323,soundtrack
nm0000324,actress
nm0000324,soundtrack
nm0000325,actor
nm0000325,producer
nm0000326,actress
nm0000326,producer
nm0000326,soundtrack
nm0000327,actress
nm0000327,soundtrack
nm0000327,producer
nm0000328,actor
nm0000328,soundtrack
nm0000328,producer
nm0000329,producer
nm0000329,actor
nm0000329,stunts
nm0000330,actress
nm0000330,soundtrack
nm0000331,actor
nm0000331,writer
nm0000331,soundtrack
nm0000332,actor
nm0000332,producer
nm0000332,soundtrack
nm0000333,soundtrack
nm0000333,actress
nm0000333,composer
nm0000334,actor
nm0000334,writer
nm0000334,soundtrack
nm0000335,actress
nm0000335,producer
nm0000335,soundtrack
nm0000336,actor
nm0000336,producer
nm0000336,director
nm0000337,actress
nm0000337,producer
nm0000338,producer
nm0000338,director
nm0000338,writer
nm0000339,producer
nm0000339,director
nm0000339,actor
nm0000340,actress
nm0000340,producer
nm0000340,soundtrack
nm0000341,writer
nm0000341,producer
nm0000341,director
nm0000342,actor
nm0000342,producer
nm0000342,soundtrack
nm0000343,director
nm0000343,actor
nm0000343,writer
nm0000344,actress
nm0000344,producer
nm0000345,actor
nm0000345,writer
nm0000345,producer
nm0000346,actor
nm0000346,producer
nm0000346,director
nm0000347,actor
nm0000347,soundtrack
nm0000347,producer
nm0000348,actor
nm0000348,soundtrack
nm0000348,producer
nm0000349,actress
nm0000349,soundtrack
nm0000349,writer
nm0000350,actress
nm0000350,soundtrack
nm0000350,producer
nm0000351,actress
nm0000351,director
nm0000351,producer
nm0000352,actor
nm0000352,producer
nm0000352,soundtrack
nm0000353,actor
nm0000353,soundtrack
nm0000353,producer
nm0000354,producer
nm0000354,actor
nm0000354,soundtrack
nm0000355,actor
nm0000355,producer
nm0000355,writer
nm0000356,actress
nm0000356,producer
nm0000356,writer
nm0000357,actress
nm0000358,actor
nm0000358,music_department
nm0000358,soundtrack
nm0000359,actor
nm0000359,writer
nm0000359,soundtrack
nm0000360,actress
nm0000360,soundtrack
nm0000360,producer
nm0000361,director
nm0000361,writer
nm0000361,producer
nm0000362,actor
nm0000362,producer
nm0000362,director
nm0000363,actor
nm0000363,soundtrack
nm0000364,actress
nm0000364,soundtrack
nm0000365,actress
nm0000365,writer
nm0000365,director
nm0000366,actress
nm0000366,soundtrack
nm0000366,producer
nm0000367,actor
nm0000367,producer
nm0000367,soundtrack
nm0000368,actress
nm0000368,producer
nm0000368,writer
nm0000369,actor
nm0000369,art_department
nm0000369,director
nm0000370,producer
nm0000370,actor
nm0000370,director
nm0000371,actress
nm0000371,producer
nm0000371,miscellaneous
nm0000372,actress
nm0000372,producer
nm0000373,actor
nm0000373,director
nm0000373,soundtrack
nm0000374,actor
nm0000375,actor
nm0000375,producer
nm0000375,soundtrack
nm0000376,writer
nm0000376,actress
nm0000376,producer
nm0000377,actor
nm0000377,producer
nm0000377,soundtrack
nm0000378,actress
nm0000378,soundtrack
nm0000378,producer
nm0000379,actress
nm0000379,producer
nm0000379,soundtrack
nm0000380,actor
nm0000380,producer
nm0000380,soundtrack
nm0000381,actor
nm0000381,producer
nm0000381,director
nm0000382,director
nm0000382,writer
nm0000382,producer
nm0000383,actress
nm0000384,music_department
nm0000384,soundtrack
nm0000384,composer
nm0000385,actor
nm0000385,producer
nm0000385,soundtrack
nm0000386,writer
nm0000386,producer
nm0000386,director
nm0000387,actor
nm0000387,miscellaneous
nm0000387,director
nm0000388,actor
nm0000388,miscellaneous
nm0000388,producer
nm0000389,actor
nm0000389,director
nm0000389,producer
nm0000390,writer
nm0000390,producer
nm0000390,miscellaneous
nm0000391,actor
nm0000391,soundtrack
nm0000391,producer
nm0000392,actress
nm0000392,soundtrack
nm0000392,producer
nm0000393,actor
nm0000393,producer
nm0000393,soundtrack
nm0000394,actor
nm0000394,soundtrack
nm0000394,stunts
nm0000395,actress
nm0000396,actress
nm0000396,producer
nm0000396,soundtrack
nm0000397,actor
nm0000397,producer
nm0000397,soundtrack
nm0000398,actress
nm0000398,producer
nm0000398,soundtrack
nm0000399,producer
nm0000399,director
nm0000399,actor
nm0000400,actress
nm0000400,soundtrack
nm0000401,actor
nm0000401,producer
nm0000401,writer
nm0000402,actress
nm0000402,miscellaneous
nm0000402,soundtrack
nm0000403,actress
nm0000403,soundtrack
nm0000404,actress
nm0000404,producer
nm0000404,soundtrack
nm0000405,actress
nm0000406,director
nm0000406,producer
nm0000406,writer
nm0000407,actress
nm0000407,producer
nm0000407,soundtrack
nm0000408,actor
nm0000408,director
nm0000408,producer
nm0000409,actor
nm0000409,producer
nm0000409,soundtrack
nm0000410,actor
nm0000410,writer
nm0000410,producer
nm0000411,actor
nm0000411,producer
nm0000411,soundtrack
nm0000412,actor
nm0000412,producer
nm0000412,soundtrack
nm0000413,actress
nm0000413,writer
nm0000413,producer
nm0000414,actress
nm0000414,soundtrack
nm0000415,actress
nm0000415,producer
nm0000415,executive
nm0000416,writer
nm0000416,actor
nm0000416,animation_department
nm0000417,actor
nm0000417,soundtrack
nm0000417,producer
nm0000418,actor
nm0000418,producer
nm0000418,director
nm0000419,director
nm0000419,writer
nm0000419,editor
nm0000420,actress
nm0000420,producer
nm0000420,soundtrack
nm0000421,actor
nm0000421,soundtrack
nm0000421,producer
nm0000422,actor
nm0000422,soundtrack
nm0000422,producer
nm0000423,actress
nm0000424,actor
nm0000424,soundtrack
nm0000425,director
nm0000425,writer
nm0000425,editor
nm0000426,actress
nm0000426,soundtrack
nm0000427,actress
nm0000427,soundtrack
nm0000427,writer
nm0000428,director
nm0000428,writer
nm0000428,producer
nm0000429,actress
nm0000429,producer
nm0000430,actor
nm0000430,producer
nm0000430,soundtrack
nm0000431,producer
nm0000431,director
nm0000431,writer
nm0000432,actor
nm0000432,soundtrack
nm0000432,producer
nm0000433,actor
nm0000433,producer
nm0000433,soundtrack
nm0000434,actor
nm0000434,soundtrack
nm0000434,producer
nm0000435,actress
nm0000435,producer
nm0000435,director
nm0000436,director
nm0000436,producer
nm0000436,writer
nm0000437,actor
nm0000437,producer
nm0000437,soundtrack
nm0000438,actor
nm0000438,producer
nm0000438,director
nm0000439,actor
nm0000439,soundtrack
nm0000439,producer
nm0000440,actress
nm0000440,director
nm0000440,producer
nm0000441,actor
nm0000441,miscellaneous
nm0000442,actor
nm0000442,producer
nm0000442,director
nm0000443,actress
nm0000443,producer
nm0000443,soundtrack
nm0000444,actress
nm0000445,actor
nm0000445,soundtrack
nm0000446,actress
nm0000446,producer
nm0000446,soundtrack
nm0000447,actress
nm0000447,miscellaneous
nm0000447,producer
nm0000448,actor
nm0000448,producer
nm0000448,miscellaneous
nm0000449,actress
nm0000449,producer
nm0000449,soundtrack
nm0000450,actor
nm0000450,producer
nm0000450,soundtrack
nm0000451,actress
nm0000451,soundtrack
nm0000451,director
nm0000452,actress
nm0000452,producer
nm0000453,actor
nm0000453,soundtrack
nm0000453,animation_department
nm0000454,actor
nm0000454,director
nm0000454,writer
nm0000455,writer
nm0000455,producer
nm0000455,director
nm0000456,actress
nm0000456,producer
nm0000456,soundtrack
nm0000457,actor
nm0000457,soundtrack
nm0000458,actor
nm0000458,producer
nm0000459,actor
nm0000459,producer
nm0000459,director
nm0000460,actor
nm0000460,soundtrack
nm0000460,producer
nm0000461,actor
nm0000461,producer
nm0000461,writer
nm0000462,actress
nm0000462,producer
nm0000462,director
nm0000463,actress
nm0000463,writer
nm0000463,director
nm0000464,director
nm0000464,writer
nm0000464,actor
nm0000465,actor
nm0000465,director
nm0000465,writer
nm0000466,director
nm0000466,writer
nm0000466,producer
nm0000467,actor
nm0000467,producer
nm0000467,soundtrack
nm0000468,actress
nm0000468,director
nm0000469,actor
nm0000469,soundtrack
nm0000470,actor
nm0000470,soundtrack
nm0000471,actor
nm0000471,soundtrack
nm0000472,actor
nm0000472,soundtrack
nm0000473,actress
nm0000473,producer
nm0000473,soundtrack
nm0000474,actor
nm0000474,producer
nm0000474,soundtrack
nm0000475,actress
nm0000475,soundtrack
nm0000476,actress
nm0000476,producer
nm0000476,miscellaneous
nm0000477,actress
nm0000478,actress
nm0000478,producer
nm0000479,actor
nm0000479,writer
nm0000479,producer
nm0000480,actor
nm0000480,producer
nm0000481,actress
nm0000481,producer
nm0000481,writer
nm0000482,actress
nm0000482,soundtrack
nm0000482,director
nm0000483,actor
nm0000483,producer
nm0000483,writer
nm0000484,producer
nm0000484,director
nm0000484,actor
nm0000485,director
nm0000485,writer
nm0000485,producer
nm0000486,actress
nm0000486,special_effects
nm0000486,make_up_department
nm0000487,director
nm0000487,producer
nm0000487,writer
nm0000488,actor
nm0000488,miscellaneous
nm0000489,actor
nm0000489,soundtrack
nm0000489,producer
nm0000490,director
nm0000490,producer
nm0000490,writer
nm0000491,actor
nm0000491,writer
nm0000491,producer
nm0000492,actress
nm0000492,producer
nm0000492,soundtrack
nm0000493,actor
nm0000493,soundtrack
nm0000493,producer
nm0000494,actor
nm0000494,soundtrack
nm0000495,actress
nm0000495,producer
nm0000496,actress
nm0000496,soundtrack
nm0000496,director
nm0000497,actress
nm0000497,producer
nm0000497,miscellaneous
nm0000498,actor
nm0000498,producer
nm0000498,soundtrack
nm0000499,actress
nm0000499,producer
nm0000499,writer
nm0000500,producer
nm0000500,director
nm0000500,writer
nm0000501,actor
nm0000501,producer
nm0000501,soundtrack
nm0000502,actor
nm0000502,soundtrack
nm0000503,actress
nm0000504,actress
nm0000504,soundtrack
nm0000505,actress
nm0000505,soundtrack
nm0000505,director
nm0000506,actress
nm0000506,producer
nm0000506,soundtrack
nm0000507,actor
nm0000507,producer
nm0000507,soundtrack
nm0000508,actress
nm0000509,actor
nm0000509,costume_department
nm0000509,soundtrack
nm0000510,actress
nm0000510,producer
nm0000510,soundtrack
nm0000511,actress
nm0000511,soundtrack
nm0000511,writer
nm0000512,producer
nm0000512,actress
nm0000513,actor
nm0000513,writer
nm0000513,soundtrack
nm0000514,actor
nm0000514,producer
nm0000514,writer
nm0000515,actress
nm0000515,producer
nm0000515,soundtrack
nm0000516,actor
nm0000516,music_department
nm0000516,producer
nm0000517,producer
nm0000517,writer
nm0000517,director
nm0000518,actor
nm0000518,producer
nm0000518,writer
nm0000519,writer
nm0000519,producer
nm0000519,director
nm0000520,producer
nm0000520,writer
nm0000520,director
nm0000521,actress
nm0000521,director
nm0000521,writer
nm0000522,actress
nm0000523,actress
nm0000523,producer
nm0000523,soundtrack
nm0000524,actress
nm0000524,producer
nm0000524,director
nm0000525,actress
nm0000525,director
nm0000525,producer
nm0000526,actress
nm0000526,executive
nm0000526,soundtrack
nm0000527,actor
nm0000527,soundtrack
nm0000527,director
nm0000528,actress
nm0000528,miscellaneous
nm0000528,soundtrack
nm0000529,actress
nm0000529,make_up_department
nm0000529,producer
nm0000530,actor
nm0000530,director
nm0000530,producer
nm0000531,actress
nm0000531,producer
nm0000531,soundtrack
nm0000532,actor
nm0000532,producer
nm0000532,soundtrack
nm0000533,actress
nm0000533,miscellaneous
nm0000533,director
nm0000534,actress
nm0000534,producer
nm0000534,soundtrack
nm0000535,actress
nm0000535,soundtrack
nm0000535,producer
nm0000536,actor
nm0000536,producer
nm0000536,director
nm0000537,actor
nm0000537,producer
nm0000537,soundtrack
nm0000538,actor
nm0000538,producer
nm0000538,soundtrack
nm0000539,actress
nm0000539,producer
nm0000540,director
nm0000540,cinematographer
nm0000540,producer
nm0000541,soundtrack
nm0000541,actress
nm0000541,producer
nm0000542,actress
nm0000542,soundtrack
nm0000543,actor
nm0000543,soundtrack
nm0000543,music_department
nm0000544,soundtrack
nm0000544,actress
nm0000544,miscellaneous
nm0000545,actress
nm0000545,director
nm0000545,producer
nm0000546,actor
nm0000546,producer
nm0000546,director
nm0000547,actor
nm0000547,producer
nm0000547,soundtrack
nm0000548,actress
nm0000548,soundtrack
nm0000548,miscellaneous
nm0000549,actor
nm0000549,miscellaneous
nm0000549,producer
nm0000550,actress
nm0000550,script_department
nm0000550,soundtrack
nm0000551,actor
nm0000551,soundtrack
nm0000551,music_department
nm0000552,actor
nm0000552,writer
nm0000552,producer
nm0000553,actor
nm0000553,soundtrack
nm0000553,producer
nm0000554,actor
nm0000554,producer
nm0000554,director
nm0000555,actor
nm0000555,writer
nm0000555,producer
nm0000556,soundtrack
nm0000556,actress
nm0000556,music_department
nm0000557,actress
nm0000557,soundtrack
nm0000557,producer
nm0000558,actor
nm0000558,producer
nm0000558,soundtrack
nm0000559,actor
nm0000559,director
nm0000559,producer
nm0000560,actor
nm0000560,producer
nm0000561,actor
nm0000561,director
nm0000561,producer
nm0000562,actor
nm0000562,soundtrack
nm0000563,actor
nm0000563,producer
nm0000563,director
nm0000564,actor
nm0000564,soundtrack
nm0000564,producer
nm0000565,actress
nm0000566,actress
nm0000566,producer
nm0000567,writer
nm0000568,actor
nm0000568,miscellaneous
nm0000568,soundtrack
nm0000569,actress
nm0000569,soundtrack
nm0000569,producer
nm0000570,director
nm0000570,writer
nm0000570,soundtrack
nm0000571,actress
nm0000571,soundtrack
nm0000571,miscellaneous
nm0000572,actress
nm0000572,producer
nm0000572,miscellaneous
nm0000573,soundtrack
nm0000573,music_department
nm0000573,actress
nm0000574,actor
nm0000574,producer
nm0000575,actress
nm0000575,producer
nm0000575,writer
nm0000576,actor
nm0000576,director
nm0000576,producer
nm0000577,actor
nm0000577,assistant_director
nm0000577,soundtrack
nm0000578,actor
nm0000578,soundtrack
nm0000578,director
nm0000579,actor
nm0000579,producer
nm0000579,soundtrack
nm0000580,actor
nm0000580,producer
nm0000580,soundtrack
nm0000581,writer
nm0000581,producer
nm0000581,director
nm0000582,actor
nm0000582,soundtrack
nm0000583,director
nm0000583,writer
nm0000583,producer
nm0000584,actress
nm0000585,actor
nm0000585,soundtrack
nm0000585,writer
nm0000586,producer
nm0000586,actress
nm0000586,writer
nm0000587,actor
nm0000587,writer
nm0000587,soundtrack
nm0000588,actress
nm0000588,soundtrack
nm0000588,writer
nm0000589,actress
nm0000589,soundtrack
nm0000589,producer
nm0000590,writer
nm0000590,soundtrack
nm0000590,miscellaneous
nm0000591,director
nm0000591,actor
nm0000591,writer
nm0000592,actor
nm0000592,producer
nm0000593,actress
nm0000593,soundtrack
nm0000594,actor
nm0000594,producer
nm0000594,director
nm0000595,actress
nm0000595,producer
nm0000595,executive
nm0000596,actor
nm0000596,soundtrack
nm0000596,producer
nm0000597,actor
nm0000597,director
nm0000597,soundtrack
nm0000598,actor
nm0000598,producer
nm0000598,soundtrack
nm0000599,actress
nm0000599,producer
nm0000599,director
nm0000600,producer
nm0000600,writer
nm0000600,director
nm0000601,writer
nm0000601,actor
nm0000601,producer
nm0000602,producer
nm0000602,actor
nm0000602,director
nm0000603,actress
nm0000603,soundtrack
nm0000603,producer
nm0000604,actor
nm0000604,writer
nm0000604,producer
nm0000605,actor
nm0000605,soundtrack
nm0000605,writer
nm0000606,actor
nm0000607,actor
nm0000607,writer
nm0000607,soundtrack
nm0000608,actor
nm0000608,director
nm0000608,producer
nm0000609,actor
nm0000609,producer
nm0000609,writer
nm0000610,actor
nm0000610,producer
nm0000610,cinematographer
nm0000611,actress
nm0000612,actress
nm0000612,producer
nm0000612,soundtrack
nm0000613,actress
nm0000613,producer
nm0000613,soundtrack
nm0000614,actor
nm0000614,soundtrack
nm0000614,writer
nm0000615,actor
nm0000615,producer
nm0000615,soundtrack
nm0000616,actor
nm0000616,producer
nm0000616,soundtrack
nm0000617,actress
nm0000617,producer
nm0000618,actress
nm0000618,director
nm0000618,writer
nm0000619,actor
nm0000619,producer
nm0000619,soundtrack
nm0000620,actor
nm0000620,writer
nm0000620,producer
nm0000621,actor
nm0000621,producer
nm0000621,writer
nm0000622,actress
nm0000622,soundtrack
nm0000622,miscellaneous
nm0000623,actress
nm0000623,producer
nm0000624,actress
nm0000625,actor
nm0000625,director
nm0000625,producer
nm0000626,writer
nm0000626,actor
nm0000626,director
nm0000627,actress
nm0000628,actor
nm0000628,writer
nm0000628,producer
nm0000629,actress
nm0000629,producer
nm0000630,actor
nm0000630,producer
nm0000630,miscellaneous
nm0000631,producer
nm0000631,director
nm0000631,production_designer
nm0000632,writer
nm0000632,producer
nm0000632,actor
nm0000633,actor
nm0000633,producer
nm0000633,writer
nm0000634,actor
nm0000634,writer
nm0000634,soundtrack
nm0000635,director
nm0000635,actor
nm0000635,writer
nm0000636,writer
nm0000636,soundtrack
nm0000636,miscellaneous
nm0000637,soundtrack
nm0000637,actor
nm0000637,composer
nm0000638,actor
nm0000638,producer
nm0000638,writer
nm0000639,actress
nm0000639,producer
nm0000639,soundtrack
nm0000640,actor
nm0000640,producer
nm0000640,soundtrack
nm0000641,actor
nm0000641,producer
nm0000641,director
nm0000642,actress
nm0000642,producer
nm0000642,soundtrack
nm0000643,actor
nm0000643,director
nm0000643,producer
nm0000644,actress
nm0000644,soundtrack
nm0000644,writer
nm0000645,miscellaneous
nm0000645,actress
nm0000645,producer
nm0000646,actress
nm0000646,producer
nm0000646,soundtrack
nm0000647,director
nm0000647,actor
nm0000647,writer
nm0000648,actor
nm0000648,producer
nm0000648,soundtrack
nm0000649,actor
nm0000649,soundtrack
nm0000649,director
nm0000650,actress
nm0000651,actress
nm0000651,soundtrack
nm0000651,art_department
nm0000652,actor
nm0000652,producer
nm0000652,soundtrack
nm0000653,actor
nm0000653,soundtrack
nm0000653,director
nm0000654,actor
nm0000654,soundtrack
nm0000654,director
nm0000655,actor
nm0000655,producer
nm0000655,director
nm0000656,actress
nm0000656,director
nm0000656,writer
nm0000657,actor
nm0000657,producer
nm0000657,soundtrack
nm0000658,actress
nm0000658,soundtrack
nm0000658,producer
nm0000659,soundtrack
nm0000659,producer
nm0000659,actress
nm0000660,actress
nm0000661,actor
nm0000661,soundtrack
nm0000661,producer
nm0000662,actor
nm0000662,producer
nm0000662,miscellaneous
nm0000663,actress
nm0000663,producer
nm0000663,soundtrack
nm0000664,actor
nm0000664,soundtrack
nm0000664,producer
nm0000665,actor
nm0000665,soundtrack
nm0000665,director
nm0000666,actress
nm0000666,writer
nm0000666,soundtrack
nm0000667,actor
nm0000667,writer
nm0000667,soundtrack
nm0000668,actress
nm0000668,writer
nm0000668,producer
nm0000669,actor
nm0000670,actress
nm0000670,producer
nm0000670,director
nm0000671,actor
nm0000671,writer
nm0000671,soundtrack
nm0000672,actress
nm0000672,writer
nm0000673,actress
nm0000673,producer
nm0000674,actress
nm0000675,actress
nm0000675,soundtrack
nm0000676,actor
nm0000676,soundtrack
nm0000676,writer
nm0000677,actress
nm0000677,soundtrack
nm0000678,actress
nm0000678,producer
nm0000678,soundtrack
nm0000679,actress
nm0000679,producer
nm0000679,miscellaneous
nm0000680,actor
nm0000680,producer
nm0000680,director
nm0000681,producer
nm0000681,actor
nm0000681,writer
nm0000682,director
nm0000682,producer
nm0000682,writer
nm0000683,writer
nm0000683,actor
nm0000684,actress
nm0000684,soundtrack
nm0000685,actor
nm0000685,producer
nm0000685,writer
nm0000686,actor
nm0000686,soundtrack
nm0000686,producer
nm0000687,actor
nm0000688,actress
nm0000688,producer
nm0000689,actress
nm0000689,director
nm0000689,producer
nm0000690,actress
nm0000690,soundtrack
nm0000690,producer
nm0000691,actor
nm0000691,writer
nm0000691,director
nm0000692,actress
nm0000693,actor
nm0000693,director
nm0000693,soundtrack
nm0000694,director
nm0000694,producer
nm0000694,writer
nm0000695,actress
nm0000696,actor
nm0000696,writer
nm0000696,producer
nm0000697,writer
nm0000697,director
nm0000697,producer
nm0000698,actor
nm0000698,soundtrack
nm0000698,writer
nm0000699,actor
nm0000700,actress
nm0000700,producer
nm0000700,soundtrack
nm0000701,actress
nm0000701,soundtrack
nm0000702,actress
nm0000702,producer
nm0000702,soundtrack
nm0000703,actor
nm0000703,soundtrack
nm0000704,actor
nm0000704,producer
nm0000704,soundtrack
nm0000705,actress
nm0000705,producer
nm0000705,director
nm0000706,actress
nm0000706,producer
nm0000706,writer
nm0000707,actress
nm0000707,miscellaneous
nm0000707,director
nm0000708,actor
nm0000708,producer
nm0000708,soundtrack
nm0000709,producer
nm0000709,writer
nm0000709,director
nm0000710,music_department
nm0000710,composer
nm0000710,soundtrack
nm0000711,make_up_department
nm0000711,actor
nm0000711,special_effects
nm0000712,assistant_director
nm0000712,director
nm0000712,miscellaneous
nm0000713,writer
nm0000713,director
nm0000713,actor
nm0000714,actor
nm0000714,writer
nm0000714,director
nm0000715,actress
nm0000715,producer
nm0000716,soundtrack
nm0000716,actress
nm0000716,miscellaneous
nm0000717,actor
nm0000717,producer
nm0000717,writer
nm0000718,actor
nm0000718,miscellaneous
nm0000719,actor
nm0000719,soundtrack
nm0000720,writer
nm0000720,producer
nm0000720,director
nm0000721,actress
nm0000721,soundtrack
nm0000722,actor
nm0000722,soundtrack
nm0000723,actress
nm0000724,actress
nm0000724,producer
nm0000724,writer
nm0000725,actress
nm0000725,soundtrack
nm0000725,director
nm0000726,actress
nm0000726,director
nm0000727,director
nm0000727,writer
nm0000727,producer
nm0000728,actor
nm0000728,soundtrack
nm0000728,writer
nm0000729,actor
nm0000729,producer
nm0000729,writer
nm0000730,actor
nm0000730,music_department
nm0000731,actor
nm0000731,soundtrack
nm0000732,actor
nm0000732,producer
nm0000732,soundtrack
nm0000733,actress
nm0000734,actor
nm0000734,soundtrack
nm0000734,producer
nm0000735,writer
nm0000735,actor
nm0000736,director
nm0000736,assistant_director
nm0000736,producer
nm0000737,actress
nm0000737,producer
nm0000737,soundtrack
nm0000738,actor
nm0000738,soundtrack
nm0000738,writer
nm0000739,actress
nm0000739,producer
nm0000739,director
nm0000740,writer
nm0000740,producer
nm0000740,director
nm0000741,actor
nm0000741,producer
nm0000741,miscellaneous
nm0000742,actress
nm0000742,soundtrack
nm0000743,cinematographer
nm0000743,director
nm0000743,actor
nm0000744,actress
nm0000744,soundtrack
nm0000744,producer
nm0000745,actress
nm0000745,producer
nm0000745,executive
nm0000746,actress
nm0000746,soundtrack
nm0000747,actor
nm0000747,soundtrack
nm0000747,director
nm0000748,actor
nm0000748,soundtrack
nm0000749,actress
nm0000749,director
nm0000749,producer
nm0000750,director
nm0000750,producer
nm0000750,script_department
nm0000751,actress
nm0000751,producer
nm0000751,soundtrack
nm0000752,actress
nm0000752,soundtrack
nm0000753,actress
nm0000753,director
nm0000753,producer
nm0000754,actor
nm0000754,soundtrack
nm0000754,stunts
nm0000755,director
nm0000755,actor
nm0000755,writer
nm0000756,actress
nm0000756,soundtrack
nm0000757,actress
nm0000757,producer
nm0000757,soundtrack
nm0000758,actress
nm0000759,director
nm0000759,writer
nm0000759,producer
nm0000760,actor
nm0000760,producer
nm0000760,soundtrack
nm0000761,actress
nm0000761,soundtrack
nm0000762,actor
nm0000762,producer
nm0000762,soundtrack
nm0000763,actor
nm0000763,soundtrack
nm0000764,actor
nm0000765,actress
nm0000765,soundtrack
nm0000766,director
nm0000766,writer
nm0000766,producer
nm0000767,actor
nm0000767,director
nm0000767,writer
nm0000768,actress
nm0000769,actress
nm0000769,soundtrack
nm0000770,producer
nm0000770,director
nm0000771,actress
nm0000771,producer
nm0000772,actress
nm0000772,soundtrack
nm0000772,producer
nm0000773,actress
nm0000774,writer
nm0000774,director
nm0000774,editor
nm0000775,actress
nm0000775,producer
nm0000775,soundtrack
nm0000776,director
nm0000776,producer
nm0000776,miscellaneous
nm0000777,writer
nm0000777,director
nm0000777,producer
nm0000778,actor
nm0000778,director
nm0000778,writer
nm0000779,actor
nm0000779,director
nm0000779,writer
nm0000780,writer
nm0000780,director
nm0000780,actor
nm0000781,actress
nm0000781,soundtrack
nm0000782,actress
nm0000782,director
nm0000782,writer
nm0000783,writer
nm0000783,director
nm0000783,producer
nm0000784,actor
nm0000784,producer
nm0000785,actress
nm0000786,producer
nm0000786,writer
nm0000786,director
nm0000787,actress
nm0000788,director
nm0000788,producer
nm0000788,writer
nm0000789,producer
nm0000789,actor
nm0000789,production_manager
nm0000790,actor
nm0000790,producer
nm0000790,miscellaneous
nm0000791,director
nm0000791,producer
nm0000791,writer
nm0000792,actor
nm0000792,producer
nm0000792,writer
nm0000793,actress
nm0000793,art_department
nm0000793,producer
nm0000794,actor
nm0000794,writer
nm0000794,producer
nm0000795,actress
nm0000795,soundtrack
nm0000796,actor
nm0000796,writer
nm0000797,director
nm0000797,editorial_department
nm0000797,actor
nm0000798,actor
nm0000798,director
nm0000799,actor
nm0000799,producer
nm0000799,soundtrack
nm0000800,actor
nm0000800,soundtrack
nm0000800,producer
nm0000801,writer
nm0000801,director
nm0000801,producer
nm0000802,actress
nm0000802,soundtrack
nm0000803,actor
nm0000803,writer
nm0000803,producer
nm0000804,actress
nm0000804,soundtrack
nm0000805,actress
nm0000806,director
nm0000806,writer
nm0000806,cinematographer
nm0000807,writer
nm0000808,writer
nm0000808,director
nm0000808,producer
nm0000809,actor
nm0000809,director
nm0000809,writer
nm0000810,soundtrack
nm0000810,actor
nm0000810,producer
nm0000811,soundtrack
nm0000811,actor
nm0000811,producer
nm0000812,writer
nm0000812,producer
nm0000812,director
nm0000813,director
nm0000813,actor
nm0000813,writer
nm0000814,director
nm0000814,editor
nm0000814,cinematographer
nm0000815,actress
nm0000815,director
nm0000815,editor
nm0000816,producer
nm0000816,director
nm0000816,writer
nm0000817,actor
nm0000817,soundtrack
nm0000817,director
nm0000818,actress
nm0000818,music_department
nm0000819,actress
nm0000820,soundtrack
nm0000820,music_department
nm0000820,composer
nm0000821,actor
nm0000821,producer
nm0000821,writer
nm0000822,actor
nm0000822,writer
nm0000822,soundtrack
nm0000823,music_department
nm0000823,composer
nm0000823,soundtrack
nm0000824,director
nm0000824,producer
nm0000824,actor
nm0000825,actress
nm0000826,actress
nm0000826,producer
nm0000826,soundtrack
nm0000827,actress
nm0000828,actress
nm0000828,soundtrack
nm0000829,editor
nm0000829,editorial_department
nm0000829,director
nm0000830,actress
nm0000832,actress
nm0000832,producer
nm0000832,production_manager
nm0000833,actor
nm0000833,production_manager
nm0000833,miscellaneous
nm0000834,actress
nm0000834,producer
nm0000835,director
nm0000835,animation_department
nm0000835,producer
nm0000836,actor
nm0000836,producer
nm0000836,soundtrack
nm0000837,actor
nm0000837,director
nm0000837,producer
nm0000838,actor
nm0000838,producer
nm0000838,director
nm0000839,actress
nm0000839,writer
nm0000839,producer
nm0000840,actress
nm0000840,producer
nm0000840,production_manager
nm0000841,cinematographer
nm0000841,director
nm0000841,actor
nm0000842,actor
nm0000843,actress
nm0000843,soundtrack
nm0000843,director
nm0000844,actor
nm0000844,director
nm0000844,writer
nm0000845,actress
nm0000846,actor
nm0000847,actress
nm0000847,writer
nm0000848,actress
nm0000848,soundtrack
nm0000848,producer
nm0000849,actor
nm0000849,producer
nm0000849,soundtrack
nm0000850,writer
nm0000850,producer
nm0000850,actor
nm0000851,actor
nm0000852,actor
nm0000852,producer
nm0000852,director
nm0000853,director
nm0000853,producer
nm0000853,writer
nm0000854,actress
nm0000854,producer
nm0000854,writer
nm0000855,actor
nm0000856,actress
nm0000857,actor
nm0000857,director
nm0000858,actor
nm0000858,soundtrack
nm0000858,writer
nm0000859,actor
nm0000859,director
nm0000859,soundtrack
nm0000860,actor
nm0000860,director
nm0000860,writer
nm0000861,producer
nm0000861,actor
nm0000861,soundtrack
nm0000862,actress
nm0000862,miscellaneous
nm0000863,actor
nm0000863,soundtrack
nm0000863,director
nm0000864,actor
nm0000864,producer
nm0000864,miscellaneous
nm0000865,actor
nm0000865,director
nm0000866,miscellaneous
nm0000866,art_department
nm0000866,director
nm0000867,actor
nm0000867,producer
nm0000867,director
nm0000868,actress
nm0000868,producer
nm0000868,soundtrack
nm0000869,actor
nm0000869,soundtrack
nm0000869,producer
nm0000870,actress
nm0000870,director
nm0000870,soundtrack
nm0000871,actor
nm0000871,producer
nm0000871,director
nm0000872,actor
nm0000872,writer
nm0000872,producer
nm0000873,actress
nm0000874,actor
nm0000874,producer
nm0000874,soundtrack
nm0000875,writer
nm0000875,producer
nm0000875,miscellaneous
nm0000876,writer
nm0000876,director
nm0000876,producer
nm0000877,director
nm0000877,assistant_director
nm0000877,producer
nm0000878,cinematographer
nm0000878,special_effects
nm0000878,director
nm0000879,actress
nm0000879,soundtrack
nm0000879,producer
nm0000880,actress
nm0000880,soundtrack
nm0000880,producer
nm0000881,producer
nm0000881,director
nm0000881,actor
nm0000882,actress
nm0000882,soundtrack
nm0000883,actress
nm0000883,soundtrack
nm0000884,actress
nm0000884,producer
nm0000884,soundtrack
nm0000885,actor
nm0000885,soundtrack
nm0000886,actor
nm0000886,soundtrack
nm0000886,producer
nm0000887,director
nm0000887,producer
nm0000887,cinematographer
nm0000888,actress
nm0000888,composer
nm0000888,soundtrack
nm0000889,actress
nm0000889,soundtrack
nm0000890,actor
nm0000890,soundtrack
nm0000891,actor
nm0000891,director
nm0000891,soundtrack
nm0000892,actor
nm0000892,producer
nm0000893,actor
nm0000893,producer
nm0000893,director
nm0000894,assistant_director
nm0000894,producer
nm0000894,director
nm0000895,actress
nm0000895,soundtrack
nm0000896,soundtrack
nm0000896,actor
nm0000896,producer
nm0000897,actor
nm0000897,soundtrack
nm0000898,actress
nm0000899,actress
nm0000899,soundtrack
nm0000900,actress
nm0000901,actor
nm0000901,producer
nm0000901,stunts
nm0000902,actor
nm0000902,music_department
nm0000902,producer
nm0000903,actor
nm0000903,producer
nm0000903,writer
nm0000904,actor
nm0000904,soundtrack
nm0000904,writer
nm0000905,actor
nm0000905,writer
nm0000905,director
nm0000906,actress
nm0000906,soundtrack
nm0000906,executive
nm0000907,actor
nm0000907,director
nm0000907,producer
nm0000908,actor
nm0000909,actress
nm0000909,soundtrack
nm0000909,producer
nm0000910,actress
nm0000910,soundtrack
nm0000911,actor
nm0000911,director
nm0000911,soundtrack
nm0000912,actor
nm0000912,soundtrack
nm0000912,producer
nm0000913,actor
nm0000913,director
nm0000913,soundtrack
nm0000914,writer
nm0000914,director
nm0000914,producer
nm0000915,director
nm0000915,producer
nm0000915,writer
nm0000916,producer
nm0000916,actor
nm0000916,writer
nm0000917,actress
nm0000917,soundtrack
nm0000917,miscellaneous
nm0000918,actor
nm0000918,soundtrack
nm0000919,actress
nm0000919,producer
nm0000919,soundtrack
nm0000920,actor
nm0000920,soundtrack
nm0000920,producer
nm0000921,writer
nm0000921,director
nm0000921,producer
nm0000922,actress
nm0000922,soundtrack
nm0000923,miscellaneous
nm0000923,director
nm0000923,music_department
nm0000924,actress
nm0000924,producer
nm0000924,soundtrack
nm0000925,actor
nm0000925,writer
nm0000925,director
nm0000926,actor
nm0000926,producer
nm0000926,soundtrack
nm0000927,soundtrack
nm0000927,music_department
nm0000927,writer
nm0000928,actress
nm0000928,soundtrack
nm0000928,writer
nm0000929,actor
nm0000929,producer
nm0000929,director
nm0000930,music_department
nm0000930,composer
nm0000930,soundtrack
nm0000931,actress
nm0000932,actress
nm0000932,producer
nm0000932,executive
nm0000933,actress
nm0000933,producer
nm0000933,soundtrack
nm0000934,writer
nm0000934,director
nm0000934,producer
nm0000935,actress
nm0000936,actress
nm0000936,soundtrack
nm0000937,actor
nm0000937,cinematographer
nm0000937,editor
nm0000938,actress
nm0000939,cinematographer
nm0000939,camera_department
nm0000940,writer
nm0000940,director
nm0000940,producer
nm0000941,director
nm0000941,producer
nm0000941,actress
nm0000942,actor
nm0000942,soundtrack
nm0000942,director
nm0000943,actress
nm0000944,director
nm0000944,producer
nm0000945,actress
nm0000945,soundtrack
nm0000945,director
nm0000946,actor
nm0000946,soundtrack
nm0000947,actress
nm0000947,soundtrack
nm0000947,writer
nm0000948,writer
nm0000948,actor
nm0000948,director
nm0000949,actress
nm0000949,producer
nm0000949,writer
nm0000950,actress
nm0000950,soundtrack
nm0000950,writer
nm0000951,actress
nm0000951,soundtrack
nm0000952,actor
nm0000952,director
nm0000952,writer
nm0000953,actor
nm0000953,director
nm0000953,writer
nm0000954,soundtrack
nm0000954,actor
nm0000954,writer
nm0000955,actor
nm0000955,soundtrack
nm0000956,actress
nm0000956,director
nm0000956,soundtrack
nm0000957,cinematographer
nm0000957,camera_department
nm0000957,producer
nm0000958,producer
nm0000958,director
nm0000958,writer
nm0000959,actor
nm0000959,soundtrack
nm0000960,actor
nm0000960,soundtrack
nm0000960,producer
nm0000961,actor
nm0000961,producer
nm0000962,actress
nm0000962,director
nm0000963,actor
nm0000963,soundtrack
nm0000964,actor
nm0000964,producer
nm0000964,soundtrack
nm0000965,director
nm0000965,producer
nm0000965,writer
nm0000966,actress
nm0000966,producer
nm0000966,director
nm0000967,actor
nm0000967,producer
nm0000968,actress
nm0000968,producer
nm0000968,soundtrack
nm0000969,actor
nm0000969,producer
nm0000970,actor
nm0000970,miscellaneous
nm0000970,director
nm0000971,actress
nm0000971,producer
nm0000972,actor
nm0000972,director
nm0000972,writer
nm0000973,actor
nm0000973,producer
nm0000973,director
nm0000974,actor
nm0000974,soundtrack
nm0000975,writer
nm0000975,director
nm0000975,editor
nm0000976,director
nm0000976,actor
nm0000976,producer
nm0000977,actor
nm0000977,director
nm0000977,producer
nm0000978,actor
nm0000978,soundtrack
nm0000978,director
nm0000979,actor
nm0000979,stunts
nm0000980,actor
nm0000980,writer
nm0000980,soundtrack
nm0000981,actor
nm0000981,producer
nm0000981,director
nm0000982,actor
nm0000982,producer
nm0000982,writer
nm0000983,actor
nm0000983,writer
nm0000983,director
nm0000984,actor
nm0000984,director
nm0000984,music_department
nm0000985,writer
nm0000985,producer
nm0000985,miscellaneous
nm0000986,actor
nm0000986,producer
nm0000986,writer
nm0000987,actor
nm0000987,producer
nm0000987,director
nm0000988,producer
nm0000988,music_department
nm0000988,actor
nm0000989,actor
nm0000989,director
nm0000989,producer
nm0000990,actress
nm0000990,soundtrack
nm0000990,composer
nm0000991,actress
nm0000991,soundtrack
nm0000991,writer
nm0000992,actress
nm0000992,soundtrack
nm0000993,soundtrack
nm0000993,actress
nm0000993,producer
nm0000994,actor
nm0000994,production_manager
nm0000994,director
nm0000995,actress
nm0000995,producer
nm0000995,soundtrack
nm0000996,actor
nm0000996,director
nm0000996,producer
nm0000997,actor
nm0000997,soundtrack
nm0000997,producer
nm0000998,actor
nm0000998,producer
nm0000998,music_department
nm0000999,actor
nm0000999,soundtrack
nm0000999,miscellaneous
nm0001000,actor
nm0001000,director
nm0001000,producer
nm0001001,actor
nm0001001,soundtrack
nm0001001,director
