tconst,genre
tt0000001,Documentary
tt0000001,Short
tt0000002,Animation
tt0000002,Short
tt0000003,Animation
tt0000003,Comedy
tt0000003,Romance
tt0000004,Animation
tt0000004,Short
tt0000005,Comedy
tt0000005,Short
tt0000006,Short
tt0000007,Short
tt0000007,Sport
tt0000008,Documentary
tt0000008,Short
tt0000009,Romance
tt0000009,Short
tt0000010,Documentary
tt0000010,Short
tt0000011,Documentary
tt0000011,Short
tt0000012,Documentary
tt0000012,Short
tt0000013,Documentary
tt0000013,Short
tt0000014,Comedy
tt0000014,Short
tt0000015,Animation
tt0000015,Short
tt0000016,Documentary
tt0000016,Short
tt0000017,Documentary
tt0000017,Short
tt0000018,Short
tt0000019,Comedy
tt0000019,Short
tt0000020,Documentary
tt0000020,Short
tt0000020,Sport
tt0000022,Documentary
tt0000022,Short
tt0000023,Documentary
tt0000023,Short
tt0000024,News
tt0000024,Short
tt0000025,News
tt0000025,Short
tt0000025,Sport
tt0000026,Documentary
tt0000026,Short
tt0000027,Documentary
tt0000027,Short
tt0000028,Documentary
tt0000028,Short
tt0000029,Documentary
tt0000029,Short
tt0000030,Documentary
tt0000030,Short
tt0000031,Documentary
tt0000031,Short
tt0000032,Short
tt0000033,Comedy
tt0000033,Documentary
tt0000033,Short
tt0000034,Documentary
tt0000034,Short
tt0000035,Comedy
tt0000035,Short
tt0000036,Drama
tt0000036,Short
tt0000037,Short
tt0000038,Documentary
tt0000038,Short
tt0000038,Sport
tt0000039,Short
tt0000040,Documentary
tt0000040,Short
tt0000041,Comedy
tt0000041,Documentary
tt0000041,Short
tt0000042,Documentary
tt0000042,Short
tt0000043,Documentary
tt0000043,Short
tt0000044,Short
tt0000045,Short
tt0000046,Documentary
tt0000046,Short
tt0000047,Documentary
tt0000047,Short
tt0000048,Short
tt0000049,Short
tt0000049,Sport
tt0000050,Documentary
tt0000050,Short
tt0000051,Documentary
tt0000051,Short
tt0000052,Documentary
tt0000052,Short
tt0000053,Documentary
tt0000053,Short
tt0000054,Short
tt0000055,Short
tt0000056,Short
tt0000057,Documentary
tt0000057,Short
tt0000058,Documentary
tt0000058,Short
tt0000059,Short
tt0000060,Documentary
tt0000060,Short
tt0000061,Short
tt0000062,Short
tt0000063,Short
tt0000064,Short
tt0000065,Short
tt0000066,Short
tt0000067,Fantasy
tt0000067,Short
tt0000068,Documentary
tt0000068,Short
tt0000069,Short
tt0000070,Documentary
tt0000070,Short
tt0000071,Short
tt0000071,Sport
tt0000072,Short
tt0000073,Documentary
tt0000073,Short
tt0000074,Documentary
tt0000074,Short
tt0000075,Horror
tt0000075,Short
tt0000076,Drama
tt0000076,Short
tt0000077,Short
tt0000078,Documentary
tt0000078,Short
tt0000079,Documentary
tt0000079,Short
tt0000080,Documentary
tt0000080,Short
tt0000081,Documentary
tt0000081,Short
tt0000082,Comedy
tt0000082,Short
tt0000083,Short
tt0000084,Short
tt0000085,Short
tt0000086,Documentary
tt0000086,Short
tt0000087,Documentary
tt0000087,Short
tt0000088,Documentary
tt0000088,Short
tt0000089,Documentary
tt0000089,Short
tt0000090,Documentary
tt0000090,Short
tt0000091,Horror
tt0000091,Short
tt0000092,Documentary
tt0000092,Short
tt0000093,Documentary
tt0000093,Short
tt0000094,Short
tt0000095,Short
tt0000096,Documentary
tt0000096,Short
tt0000097,Documentary
tt0000097,Short
tt0000098,Documentary
tt0000098,Short
tt0000099,Documentary
tt0000099,Short
tt0000100,Documentary
tt0000100,Short
tt0000101,Documentary
tt0000101,Short
tt0000102,Short
tt0000103,Short
tt0000104,Documentary
tt0000104,Short
tt0000105,Documentary
tt0000105,Short
tt0000106,Short
tt0000107,Documentary
tt0000107,Short
tt0000108,Drama
tt0000108,Short
tt0000109,Fantasy
tt0000109,Short
tt0000110,Fantasy
tt0000110,Short
tt0000111,Drama
tt0000111,Short
tt0000112,Fantasy
tt0000112,Short
tt0000113,Drama
tt0000113,Short
tt0000114,Documentary
tt0000114,Short
tt0000115,Documentary
tt0000115,Short
tt0000116,Short
tt0000117,Documentary
tt0000117,Short
tt0000118,Short
tt0000119,Documentary
tt0000119,Short
tt0000120,Documentary
tt0000120,Short
tt0000121,Comedy
tt0000121,Short
tt0000122,Documentary
tt0000122,Short
tt0000123,Short
tt0000124,Documentary
tt0000124,Short
tt0000125,Short
tt0000126,Short
tt0000127,Comedy
tt0000127,Short
tt0000128,Short
tt0000129,Short
tt0000130,Short
tt0000131,Comedy
tt0000131,Horror
tt0000131,Short
tt0000132,Biography
tt0000132,Short
tt0000133,Short
tt0000134,Music
tt0000134,Short
tt0000135,Documentary
tt0000135,Short
tt0000137,Comedy
tt0000137,Short
tt0000138,Comedy
tt0000138,Horror
tt0000138,Short
tt0000139,Short
tt0000140,Short
tt0000141,Documentary
tt0000141,Short
tt0000142,News
tt0000142,Short
tt0000143,Comedy
tt0000143,Short
tt0000144,Comedy
tt0000144,Short
tt0000145,Comedy
tt0000145,Short
tt0000146,Comedy
tt0000146,Short
tt0000147,Documentary
tt0000147,News
tt0000147,Short
tt0000148,Short
tt0000149,Comedy
tt0000149,Short
tt0000150,Documentary
tt0000150,Short
tt0000151,Short
tt0000152,Fantasy
tt0000152,Horror
tt0000152,Short
tt0000153,Horror
tt0000153,Short
tt0000154,News
tt0000154,Short
tt0000154,Sport
tt0000155,Short
tt0000156,Comedy
tt0000156,Short
tt0000157,Short
tt0000158,Comedy
tt0000158,Short
tt0000159,Horror
tt0000159,Short
tt0000160,Drama
tt0000160,Short
tt0000161,Comedy
tt0000161,Short
tt0000162,Documentary
tt0000162,Short
tt0000163,Comedy
tt0000163,Short
tt0000164,Comedy
tt0000164,Short
tt0000165,Short
tt0000166,Documentary
tt0000166,Short
tt0000167,Documentary
tt0000167,Short
tt0000168,Documentary
tt0000168,Short
tt0000169,Short
tt0000170,Comedy
tt0000170,Short
tt0000171,Comedy
tt0000171,Short
tt0000172,Comedy
tt0000172,Horror
tt0000172,Short
tt0000173,Short
tt0000173,War
tt0000174,Comedy
tt0000174,Short
tt0000175,Documentary
tt0000175,Short
tt0000176,Short
tt0000177,Crime
tt0000177,Short
tt0000178,Horror
tt0000178,Short
tt0000179,Horror
tt0000179,Short
tt0000180,Short
tt0000181,Fantasy
tt0000181,Short
tt0000182,Comedy
tt0000182,Short
tt0000183,Drama
tt0000183,Short
tt0000184,Short
tt0000184,Western
tt0000185,Short
tt0000186,Short
tt0000186,War
tt0000187,Short
tt0000188,Drama
tt0000188,Short
tt0000189,Short
tt0000190,Comedy
tt0000190,Short
tt0000191,Short
tt0000192,Short
tt0000193,Short
tt0000194,Documentary
tt0000194,Short
tt0000195,Comedy
tt0000195,Short
tt0000196,Fantasy
tt0000196,Short
tt0000197,Short
tt0000198,Short
tt0000199,Short
tt0000200,Documentary
tt0000200,Short
tt0000200,Sport
tt0000201,News
tt0000201,Short
tt0000202,Short
tt0000203,Short
tt0000204,Short
tt0000205,Comedy
tt0000205,Short
tt0000205,Sport
tt0000206,Documentary
tt0000206,Short
tt0000207,Documentary
tt0000207,Short
tt0000208,Comedy
tt0000208,Short
tt0000209,Horror
tt0000209,Short
tt0000210,Short
tt0000211,Comedy
tt0000211,Fantasy
tt0000211,Horror
tt0000212,Short
tt0000213,Short
tt0000214,Short
tt0000214,War
tt0000215,Documentary
tt0000215,Short
tt0000216,News
tt0000216,Short
tt0000217,Short
tt0000218,Biography
tt0000218,Drama
tt0000218,Short
tt0000219,Fantasy
tt0000219,Short
tt0000220,Romance
tt0000220,Short
tt0000221,Documentary
tt0000221,Short
tt0000222,Comedy
tt0000222,Short
tt0000223,Short
tt0000224,Short
tt0000225,Family
tt0000225,Fantasy
tt0000225,Romance
tt0000226,Short
tt0000227,Drama
tt0000227,Short
tt0000227,War
tt0000228,Short
tt0000229,Short
tt0000229,Sport
tt0000230,Drama
tt0000230,Family
tt0000230,Fantasy
tt0000231,Documentary
tt0000231,Short
tt0000232,Comedy
tt0000232,Short
tt0000233,Animation
tt0000233,Short
tt0000234,Horror
tt0000234,Short
tt0000235,Adventure
tt0000235,Fantasy
tt0000235,Horror
tt0000236,Short
tt0000237,Short
tt0000238,Drama
tt0000238,Short
tt0000239,Short
tt0000240,Documentary
tt0000240,Short
tt0000241,Short
tt0000242,Fantasy
tt0000242,Horror
tt0000242,Short
tt0000243,Comedy
tt0000243,Short
tt0000244,Short
tt0000245,Comedy
tt0000245,Fantasy
tt0000245,Horror
tt0000246,Fantasy
tt0000246,Short
tt0000247,Drama
tt0000247,Short
tt0000248,Comedy
tt0000248,Romance
tt0000248,Short
tt0000249,Short
tt0000250,Documentary
tt0000250,Short
tt0000251,Animation
tt0000251,Short
tt0000252,Comedy
tt0000252,Short
tt0000253,Horror
tt0000253,Short
tt0000254,Comedy
tt0000254,Short
tt0000255,Comedy
tt0000255,Short
tt0000256,Documentary
tt0000256,Short
tt0000257,Short
tt0000258,Comedy
tt0000258,Short
tt0000259,Comedy
tt0000259,Short
tt0000260,Comedy
tt0000260,Short
tt0000261,Comedy
tt0000261,Horror
tt0000261,Short
tt0000262,Comedy
tt0000262,Short
tt0000263,Documentary
tt0000263,Short
tt0000264,Fantasy
tt0000264,Horror
tt0000264,Short
tt0000265,Comedy
tt0000265,Short
tt0000266,Documentary
tt0000266,Short
tt0000267,Short
tt0000268,Short
tt0000269,Documentary
tt0000269,Short
tt0000270,Short
tt0000271,Short
tt0000272,Comedy
tt0000272,Short
tt0000273,Action
tt0000273,Crime
tt0000273,Drama
tt0000274,Comedy
tt0000274,Short
tt0000275,Short
tt0000276,Short
tt0000277,Short
tt0000278,Short
tt0000279,News
tt0000279,Short
tt0000280,News
tt0000280,Short
tt0000281,News
tt0000281,Short
tt0000282,Short
tt0000283,Short
tt0000284,Short
tt0000285,Horror
tt0000285,Short
tt0000286,Comedy
tt0000286,Short
tt0000287,Comedy
tt0000287,Fantasy
tt0000287,Short
tt0000288,Comedy
tt0000288,Short
tt0000289,Short
tt0000290,Short
tt0000291,Short
tt0000292,Documentary
tt0000292,Short
tt0000293,Short
tt0000294,Short
tt0000295,Short
tt0000296,Documentary
tt0000296,Short
tt0000297,Short
tt0000298,Short
tt0000299,Short
tt0000300,Animation
tt0000300,Comedy
tt0000300,Fantasy
tt0000301,Fantasy
tt0000301,Horror
tt0000301,Short
tt0000302,Short
tt0000303,Short
tt0000304,Family
tt0000304,Short
tt0000305,Short
tt0000306,Drama
tt0000306,Short
tt0000307,Comedy
tt0000307,Short
tt0000308,Short
tt0000309,Comedy
tt0000309,Short
tt0000310,Comedy
tt0000310,Short
tt0000312,Short
tt0000313,Comedy
tt0000313,Short
tt0000314,Short
tt0000315,Short
tt0000316,Short
tt0000317,Short
tt0000318,Short
tt0000319,Horror
tt0000319,Short
tt0000320,Short
tt0000321,Fantasy
tt0000321,Short
tt0000322,Documentary
tt0000322,Short
tt0000323,Short
tt0000324,Short
tt0000325,Short
tt0000326,Short
tt0000327,Short
tt0000328,Short
tt0000329,Short
tt0000330,Short
tt0000331,Short
tt0000332,Documentary
tt0000332,Short
tt0000333,Short
tt0000334,Comedy
tt0000334,Short
tt0000335,Biography
tt0000335,Drama
tt0000335,Short
tt0000336,Short
tt0000337,Short
tt0000337,Sport
tt0000338,Short
tt0000339,Short
tt0000340,Comedy
tt0000340,Fantasy
tt0000340,Short
tt0000341,Comedy
tt0000341,Fantasy
tt0000341,Short
tt0000342,Comedy
tt0000342,Short
tt0000343,Short
tt0000344,Short
tt0000345,Short
tt0000346,Comedy
tt0000346,Short
tt0000347,Documentary
tt0000347,News
tt0000347,Short
tt0000348,Short
tt0000349,Comedy
tt0000349,Short
tt0000350,Comedy
tt0000350,Short
tt0000351,Short
tt0000352,Documentary
tt0000352,Short
tt0000353,Drama
tt0000353,History
tt0000353,Short
tt0000354,Documentary
tt0000354,Short
tt0000355,Action
tt0000355,Drama
tt0000355,Short
tt0000356,Short
tt0000357,Comedy
tt0000357,Fantasy
tt0000357,Horror
tt0000358,Crime
tt0000358,Drama
tt0000358,Short
tt0000359,Comedy
tt0000359,Fantasy
tt0000359,Short
tt0000360,Short
tt0000361,Short
tt0000362,Short
tt0000363,Fantasy
tt0000363,Romance
tt0000363,Short
tt0000364,Documentary
tt0000364,Short
tt0000365,Documentary
tt0000365,Short
tt0000366,Documentary
tt0000366,Short
tt0000367,Short
tt0000368,Fantasy
tt0000368,Short
tt0000369,Documentary
tt0000369,Short
tt0000370,Drama
tt0000370,Fantasy
tt0000370,Horror
tt0000371,Short
tt0000372,Short
tt0000373,Drama
tt0000373,Horror
tt0000373,Short
tt0000374,Short
tt0000375,Documentary
tt0000375,Short
tt0000376,Documentary
tt0000376,Short
tt0000377,Comedy
tt0000377,Fantasy
tt0000377,Short
tt0000378,Short
tt0000379,Documentary
tt0000379,Short
tt0000380,Drama
tt0000380,Fantasy
tt0000380,Short
tt0000381,News
tt0000381,Short
tt0000382,Documentary
tt0000382,Short
tt0000383,Documentary
tt0000383,Short
tt0000384,Documentary
tt0000384,Short
tt0000385,Comedy
tt0000385,Short
tt0000386,Comedy
tt0000386,Short
tt0000387,History
tt0000387,Short
tt0000388,Short
tt0000389,Short
tt0000390,Short
tt0000391,Comedy
tt0000391,Short
tt0000392,Fantasy
tt0000392,Short
tt0000393,Comedy
tt0000393,Short
tt0000394,Comedy
tt0000394,Short
tt0000395,Short
tt0000396,Short
tt0000397,Short
tt0000398,Short
tt0000399,Fantasy
tt0000399,Short
tt0000400,Comedy
tt0000400,Short
tt0000401,Comedy
tt0000401,Short
tt0000402,Comedy
tt0000402,Short
tt0000403,Short
tt0000404,Short
tt0000405,Comedy
tt0000405,Short
tt0000406,Horror
tt0000406,Short
tt0000407,Documentary
tt0000407,Short
tt0000408,Short
tt0000409,Comedy
tt0000409,Short
tt0000410,Documentary
tt0000410,Short
tt0000411,Comedy
tt0000411,Short
tt0000412,Comedy
tt0000412,Horror
tt0000412,Short
tt0000413,Comedy
tt0000413,Fantasy
tt0000413,Horror
tt0000414,Comedy
tt0000414,Short
tt0000415,Short
tt0000416,Drama
tt0000416,Short
tt0000417,Action
tt0000417,Adventure
tt0000417,Comedy
tt0000418,Drama
tt0000418,Short
tt0000419,Short
tt0000420,Family
tt0000420,Fantasy
tt0000420,Short
tt0000421,Short
tt0000422,Short
tt0000423,Fantasy
tt0000423,Short
tt0000424,Short
tt0000425,Documentary
tt0000425,Short
tt0000426,Documentary
tt0000426,Short
tt0000427,Short
tt0000428,Documentary
tt0000428,Short
tt0000429,Short
tt0000430,Comedy
tt0000430,Short
tt0000431,Short
tt0000432,Comedy
tt0000432,Short
tt0000433,Short
tt0000434,Fantasy
tt0000434,Short
tt0000435,Short
tt0000436,Comedy
tt0000436,Short
tt0000437,Drama
tt0000437,Horror
tt0000437,Short
tt0000438,Short
tt0000439,Action
tt0000439,Adventure
tt0000439,Crime
tt0000440,Fantasy
tt0000440,Short
tt0000441,Short
tt0000442,Drama
tt0000442,Short
tt0000443,Adventure
tt0000443,Drama
tt0000443,Short
tt0000444,Short
tt0000445,Short
tt0000446,Short
tt0000446,Western
tt0000447,Action
tt0000447,Short
tt0000448,Short
tt0000449,Short
tt0000450,Short
tt0000451,Comedy
tt0000451,Short
tt0000452,Comedy
tt0000452,Romance
tt0000452,Short
tt0000453,Short
tt0000454,Short
tt0000455,Comedy
tt0000455,Music
tt0000455,Short
tt0000456,Documentary
tt0000456,Short
tt0000457,Short
tt0000458,Short
tt0000459,Documentary
tt0000459,Short
tt0000460,Short
tt0000460,Western
tt0000461,Short
tt0000462,Short
tt0000463,Documentary
tt0000463,Short
tt0000464,Comedy
tt0000464,Short
tt0000465,Adventure
tt0000465,Fantasy
tt0000465,Short
tt0000466,Short
tt0000467,Short
tt0000468,Short
tt0000469,Comedy
tt0000469,Family
tt0000469,Short
tt0000470,Short
tt0000471,Drama
tt0000471,Short
tt0000472,Drama
tt0000472,Short
tt0000473,Short
tt0000474,Short
tt0000475,Drama
tt0000475,Short
tt0000476,Short
tt0000477,Drama
tt0000477,Short
tt0000478,Comedy
tt0000478,Short
tt0000479,Drama
tt0000479,Short
tt0000480,Fantasy
tt0000480,Short
tt0000481,Short
tt0000482,Comedy
tt0000482,Short
tt0000483,Comedy
tt0000483,Short
tt0000484,Short
tt0000485,Short
tt0000486,Drama
tt0000486,Short
tt0000487,Short
tt0000487,Western
tt0000488,Drama
tt0000488,Fantasy
tt0000488,Short
tt0000489,Short
tt0000490,Short
tt0000491,News
tt0000491,Short
tt0000492,Comedy
tt0000492,Short
tt0000493,Short
tt0000494,Short
tt0000495,Fantasy
tt0000495,Short
tt0000496,Action
tt0000496,Short
tt0000497,Crime
tt0000497,Short
tt0000498,Crime
tt0000498,Drama
tt0000498,Family
tt0000499,Action
tt0000499,Adventure
tt0000499,Family
tt0000500,Short
tt0000501,Crime
tt0000501,Drama
tt0000501,Mystery
tt0000502,\N
tt0000503,Documentary
tt0000503,Short
tt0000504,Documentary
tt0000504,Short
tt0000505,Comedy
tt0000505,Short
tt0000506,Drama
tt0000506,Short
tt0000507,News
tt0000507,Short
tt0000508,Documentary
tt0000508,Short
tt0000509,Comedy
tt0000509,Short
tt0000510,Short
tt0000511,Drama
tt0000511,Short
tt0000512,Documentary
tt0000512,News
tt0000512,Short
tt0000513,Documentary
tt0000513,Short
tt0000514,Comedy
tt0000514,Short
tt0000515,Comedy
tt0000515,Short
tt0000516,Animation
tt0000516,Fantasy
tt0000516,Sci-Fi
tt0000517,Short
tt0000518,Short
tt0000519,Crime
tt0000519,Drama
tt0000519,Short
tt0000520,Biography
tt0000520,Crime
tt0000520,Short
tt0000521,Action
tt0000521,Crime
tt0000521,Family
tt0000522,Action
tt0000522,Drama
tt0000522,Short
tt0000523,Documentary
tt0000523,Short
tt0000524,Documentary
tt0000524,Short
tt0000525,Short
tt0000525,Western
tt0000526,Documentary
tt0000526,Short
tt0000527,Documentary
tt0000527,Short
tt0000528,Adventure
tt0000528,Romance
tt0000528,Short
tt0000529,Comedy
tt0000529,Short
tt0000530,Comedy
tt0000530,Short
tt0000531,Drama
tt0000531,Short
tt0000531,War
tt0000532,Documentary
tt0000532,Short
tt0000533,Comedy
tt0000533,Short
tt0000534,Comedy
tt0000534,Fantasy
tt0000534,Sci-Fi
tt0000535,Comedy
tt0000535,Short
tt0000536,Short
tt0000537,Documentary
tt0000537,Short
tt0000538,Documentary
tt0000538,Short
tt0000539,Short
tt0000540,Short
tt0000541,Short
tt0000542,Comedy
tt0000542,Short
tt0000543,Documentary
tt0000543,Short
tt0000544,Short
tt0000545,Comedy
tt0000545,Short
tt0000546,Comedy
tt0000546,Fantasy
tt0000546,Short
tt0000547,Documentary
tt0000547,Short
tt0000548,Short
tt0000549,Short
tt0000550,News
tt0000550,Short
tt0000551,Short
tt0000552,Animation
tt0000552,Short
tt0000553,Comedy
tt0000553,Fantasy
tt0000553,Horror
tt0000554,Animation
tt0000554,Comedy
tt0000554,Family
tt0000555,Short
tt0000556,Romance
tt0000556,Short
tt0000557,Drama
tt0000557,Romance
tt0000557,Short
tt0000558,Documentary
tt0000558,Short
tt0000559,Short
tt0000560,Short
tt0000561,Short
tt0000561,Western
tt0000562,Short
tt0000563,Short
tt0000564,Drama
tt0000564,Short
tt0000565,Animation
tt0000565,Family
tt0000565,Fantasy
tt0000566,Short
tt0000567,Fantasy
tt0000567,Horror
tt0000567,Short
tt0000568,Short
tt0000569,Drama
tt0000569,Short
tt0000570,Documentary
tt0000570,Short
tt0000571,Documentary
tt0000571,History
tt0000571,Short
tt0000572,Short
tt0000573,Short
tt0000574,Action
tt0000574,Adventure
tt0000574,Biography
tt0000575,Adventure
tt0000575,Fantasy
tt0000575,Sci-Fi
tt0000576,Drama
tt0000576,Fantasy
tt0000576,Short
tt0000577,Drama
tt0000577,Short
tt0000578,Comedy
tt0000578,Family
tt0000578,Short
tt0000579,Short
tt0000579,Western
tt0000580,Documentary
tt0000580,Short
tt0000581,Short
tt0000582,Drama
tt0000582,Short
tt0000583,Drama
tt0000583,Romance
tt0000583,Short
tt0000584,Crime
tt0000584,Drama
tt0000584,Short
tt0000585,Documentary
tt0000585,Short
tt0000586,Drama
tt0000586,Short
tt0000587,Short
tt0000588,Short
tt0000589,Documentary
tt0000589,Short
tt0000590,Comedy
tt0000590,Short
tt0000591,Drama
tt0000592,Short
tt0000593,Documentary
tt0000593,Short
tt0000594,Drama
tt0000594,Short
tt0000595,Drama
tt0000595,Short
tt0000596,Short
tt0000597,Short
tt0000598,Drama
tt0000598,Short
tt0000599,Documentary
tt0000599,Drama
tt0000599,Short
tt0000601,Drama
tt0000601,Music
tt0000601,Musical
tt0000602,Adventure
tt0000602,Drama
tt0000602,Short
tt0000603,Animation
tt0000603,Short
tt0000604,Drama
tt0000604,Short
tt0000605,Crime
tt0000605,Drama
tt0000605,Short
tt0000606,Comedy
tt0000606,Short
tt0000607,Short
tt0000608,Comedy
tt0000608,Short
tt0000609,Drama
tt0000609,Music
tt0000609,Romance
tt0000610,Drama
tt0000610,Romance
tt0000610,Short
tt0000611,Adventure
tt0000611,Short
tt0000612,Documentary
tt0000612,Short
tt0000613,Drama
tt0000613,Short
tt0000614,Fantasy
tt0000614,Horror
tt0000614,Short
tt0000615,Drama
tt0000616,Documentary
tt0000616,Short
tt0000617,Drama
tt0000617,Short
tt0000618,Comedy
tt0000618,Short
tt0000619,Documentary
tt0000619,Short
tt0000620,Drama
tt0000620,Short
tt0000621,Comedy
tt0000621,Fantasy
tt0000621,Short
tt0000622,Short
tt0000623,Comedy
tt0000623,Short
tt0000624,Short
tt0000625,Documentary
tt0000625,Short
tt0000626,Comedy
tt0000626,Short
tt0000627,Drama
tt0000627,Short
tt0000628,Action
tt0000628,Short
tt0000629,Drama
tt0000629,Short
tt0000630,Drama
tt0000631,Drama
tt0000631,Short
tt0000632,Short
tt0000633,Drama
tt0000633,Short
tt0000634,Drama
tt0000634,History
tt0000634,Romance
tt0000636,Short
tt0000637,Drama
tt0000637,History
tt0000637,Short
tt0000638,Drama
tt0000638,Short
tt0000639,Comedy
tt0000639,Short
tt0000640,Drama
tt0000640,Short
tt0000641,Comedy
tt0000641,Short
tt0000642,Action
tt0000642,Short
tt0000643,Drama
tt0000643,History
tt0000643,Short
tt0000644,Drama
tt0000644,Short
tt0000645,Crime
tt0000645,Short
tt0000646,Short
tt0000647,Comedy
tt0000647,Short
tt0000648,Drama
tt0000648,Short
tt0000649,Comedy
tt0000649,Short
tt0000650,Drama
tt0000650,History
tt0000650,Short
tt0000651,Comedy
tt0000651,Drama
tt0000651,Short
tt0000653,Comedy
tt0000653,Short
tt0000654,Action
tt0000654,Short
tt0000655,Short
tt0000656,Short
tt0000657,Documentary
tt0000657,Short
tt0000658,Animation
tt0000658,Short
tt0000659,Drama
tt0000659,Short
tt0000660,Comedy
tt0000660,Short
tt0000661,Short
tt0000662,Drama
tt0000662,Romance
tt0000662,Short
tt0000663,Comedy
tt0000663,Short
tt0000664,Short
tt0000665,Drama
tt0000665,Short
tt0000666,Documentary
tt0000666,Short
tt0000666,Sport
tt0000667,Documentary
tt0000667,Short
tt0000667,Sport
tt0000668,Action
tt0000668,Drama
tt0000668,Short
tt0000669,Comedy
tt0000669,Fantasy
tt0000669,Short
tt0000670,Short
tt0000671,Drama
tt0000671,Short
tt0000672,Drama
tt0000672,Short
tt0000673,Short
tt0000674,Drama
tt0000674,Short
tt0000675,Drama
tt0000676,Drama
tt0000676,Short
tt0000677,Drama
tt0000677,Short
tt0000678,Documentary
tt0000678,Short
tt0000679,Adventure
tt0000679,Fantasy
tt0000680,Drama
tt0000680,Short
tt0000681,Drama
tt0000681,Short
tt0000682,Animation
tt0000682,Comedy
tt0000682,Family
tt0000683,Crime
tt0000683,Short
tt0000684,Comedy
tt0000684,Short
tt0000685,Drama
tt0000685,Romance
tt0000685,Short
tt0000686,Documentary
tt0000686,Short
tt0000687,Drama
tt0000687,Short
tt0000688,Drama
tt0000688,Short
tt0000689,Crime
tt0000689,Short
tt0000690,Drama
tt0000690,Short
tt0000691,Short
tt0000692,History
tt0000692,Short
tt0000693,Documentary
tt0000693,Short
tt0000694,Action
tt0000694,Short
tt0000694,Western
tt0000695,Action
tt0000695,Short
tt0000696,Short
tt0000697,Action
tt0000697,Short
tt0000697,War
tt0000698,Drama
tt0000698,Romance
tt0000698,Short
tt0000699,Drama
tt0000699,Short
tt0000700,Drama
tt0000700,Short
tt0000701,Comedy
tt0000701,Short
tt0000703,Comedy
tt0000703,Short
tt0000704,Animation
tt0000704,Comedy
tt0000704,Short
tt0000705,Documentary
tt0000705,Short
tt0000706,Drama
tt0000706,Romance
tt0000706,Short
tt0000707,Action
tt0000707,Short
tt0000708,Comedy
tt0000708,Short
tt0000709,Drama
tt0000709,History
tt0000709,Short
tt0000711,Short
tt0000711,Western
tt0000712,Comedy
tt0000712,Short
tt0000713,Drama
tt0000713,Short
tt0000714,Drama
tt0000714,Short
tt0000715,Short
tt0000715,Western
tt0000716,Comedy
tt0000716,Short
tt0000716,Western
tt0000717,Drama
tt0000717,Short
tt0000718,Documentary
tt0000718,Short
tt0000719,Documentary
tt0000719,Short
tt0000720,Drama
tt0000720,Short
tt0000721,Crime
tt0000721,Drama
tt0000721,Short
tt0000722,Drama
tt0000722,Short
tt0000723,Short
tt0000724,Drama
tt0000724,Short
tt0000725,Comedy
tt0000725,Short
tt0000726,Documentary
tt0000726,Short
tt0000727,Comedy
tt0000727,Short
tt0000728,Crime
tt0000728,Drama
tt0000728,Short
tt0000729,Documentary
tt0000729,Short
tt0000730,Comedy
tt0000730,Short
tt0000731,Comedy
tt0000731,Short
tt0000732,Short
tt0000733,Drama
tt0000733,Short
tt0000734,Drama
tt0000734,Romance
tt0000734,Short
tt0000736,Short
tt0000736,Western
tt0000737,Drama
tt0000737,Short
tt0000738,Short
tt0000739,Drama
tt0000739,Short
tt0000740,Action
tt0000740,Short
tt0000741,Action
tt0000741,Drama
tt0000741,Short
tt0000742,Drama
tt0000742,Short
tt0000743,Comedy
tt0000743,Short
tt0000744,Short
tt0000745,Drama
tt0000745,Short
tt0000746,Drama
tt0000746,Short
tt0000747,Action
tt0000747,Short
tt0000748,Action
tt0000748,Short
tt0000748,Western
tt0000749,Action
tt0000749,Short
tt0000750,Drama
tt0000750,Short
tt0000751,Drama
tt0000751,Short
tt0000752,Drama
tt0000752,Short
tt0000753,Comedy
tt0000753,Short
tt0000754,Drama
tt0000754,Romance
tt0000754,Short
tt0000755,Short
tt0000756,Comedy
tt0000756,Short
tt0000757,Fantasy
tt0000757,Sci-Fi
tt0000757,Short
tt0000758,Mystery
tt0000758,Short
tt0000759,Comedy
tt0000759,Short
tt0000760,Drama
tt0000760,Mystery
tt0000760,Short
tt0000761,Documentary
tt0000761,History
tt0000761,Short
tt0000762,Comedy
tt0000762,Short
tt0000763,Short
tt0000764,Drama
tt0000764,Short
tt0000765,Short
tt0000765,Western
tt0000766,Short
tt0000767,Drama
tt0000767,Short
tt0000768,Short
tt0000769,Short
tt0000770,Comedy
tt0000770,Romance
tt0000770,Short
tt0000771,Action
tt0000771,Short
tt0000772,Drama
tt0000772,Short
tt0000773,Short
tt0000774,Drama
tt0000774,Short
tt0000775,Comedy
tt0000775,Short
tt0000776,Drama
tt0000776,Short
tt0000777,Comedy
tt0000777,Short
tt0000778,Comedy
tt0000778,Short
tt0000779,Action
tt0000779,Romance
tt0000779,Short
tt0000780,Short
tt0000781,Adventure
tt0000781,Drama
tt0000781,Romance
tt0000782,Documentary
tt0000782,Short
tt0000783,Short
tt0000784,Short
tt0000785,Drama
tt0000785,Short
tt0000786,Drama
tt0000786,Short
tt0000787,Action
tt0000787,Short
tt0000788,Comedy
tt0000788,Short
tt0000789,Action
tt0000789,Short
tt0000790,Fantasy
tt0000790,Sci-Fi
tt0000790,Short
tt0000791,Short
tt0000792,Drama
tt0000792,Short
tt0000793,Drama
tt0000794,Drama
tt0000794,Short
tt0000795,Drama
tt0000795,Short
tt0000796,Short
tt0000797,Drama
tt0000797,Short
tt0000798,Drama
tt0000798,Short
tt0000799,Comedy
tt0000799,Short
tt0000800,Comedy
tt0000800,Drama
tt0000800,Short
tt0000801,Drama
tt0000801,Short
tt0000802,Comedy
tt0000802,Short
tt0000803,Drama
tt0000803,Short
tt0000804,Documentary
tt0000804,Short
tt0000805,Comedy
tt0000805,Short
tt0000806,Short
tt0000806,Western
tt0000807,Drama
tt0000807,Short
tt0000808,Romance
tt0000808,Short
tt0000809,Short
tt0000809,Western
tt0000810,Drama
tt0000810,Short
tt0000811,Drama
tt0000811,Short
tt0000812,Documentary
tt0000812,Short
tt0000812,War
tt0000813,Drama
tt0000813,Short
tt0000814,\N
tt0000815,Short
tt0000816,Drama
tt0000816,Short
tt0000817,Drama
tt0000817,Short
tt0000818,Crime
tt0000818,Drama
tt0000818,Short
tt0000819,Short
tt0000820,Documentary
tt0000820,Short
tt0000821,Drama
tt0000821,Short
tt0000822,Short
tt0000823,Drama
tt0000823,Short
tt0000824,Drama
tt0000824,Short
tt0000825,Drama
tt0000825,Short
tt0000826,Comedy
tt0000826,Short
tt0000827,Short
tt0000827,Western
tt0000828,Drama
tt0000828,Short
tt0000829,Drama
tt0000829,Short
tt0000830,Drama
tt0000830,Short
tt0000831,Crime
tt0000831,Drama
tt0000831,Short
tt0000832,Crime
tt0000832,Drama
tt0000832,Short
tt0000833,Drama
tt0000833,Short
tt0000834,Drama
tt0000834,Short
tt0000835,Short
tt0000836,Short
tt0000837,Crime
tt0000837,Short
tt0000838,\N
tt0000839,Drama
tt0000839,Short
tt0000840,Comedy
tt0000840,Short
tt0000841,Comedy
tt0000841,Short
tt0000842,\N
tt0000843,Drama
tt0000843,Short
tt0000844,Drama
tt0000844,History
tt0000844,Short
tt0000845,Drama
tt0000845,Short
tt0000846,\N
tt0000847,Short
tt0000848,Short
tt0000849,Comedy
tt0000849,Short
tt0000850,\N
tt0000851,Drama
tt0000851,Short
tt0000852,Drama
tt0000852,Short
tt0000853,Drama
tt0000853,Short
tt0000854,Biography
tt0000854,Drama
tt0000854,Short
tt0000855,Short
tt0000856,Documentary
tt0000856,Short
tt0000857,Comedy
tt0000857,Short
tt0000858,Drama
tt0000858,Short
tt0000859,\N
tt0000860,Drama
tt0000860,Short
tt0000861,Drama
tt0000861,Short
tt0000862,\N
tt0000863,Comedy
tt0000863,Short
tt0000864,Comedy
tt0000864,Short
tt0000865,Crime
tt0000865,Drama
tt0000865,Short
tt0000866,Crime
tt0000866,Drama
tt0000866,Short
tt0000867,\N
tt0000868,\N
tt0000869,\N
tt0000870,Drama
tt0000870,Short
tt0000871,Drama
tt0000871,Short
tt0000872,Drama
tt0000872,Short
tt0000873,Drama
tt0000873,Short
tt0000874,Comedy
tt0000874,Short
tt0000875,Drama
tt0000875,Short
tt0000876,Comedy
tt0000876,Short
tt0000877,Comedy
tt0000877,Short
tt0000878,Comedy
tt0000878,Short
tt0000879,\N
tt0000880,Drama
tt0000880,Short
tt0000881,Short
tt0000882,Drama
tt0000882,Short
tt0000883,Mystery
tt0000883,Short
tt0000884,Drama
tt0000884,Short
tt0000885,Short
tt0000886,Drama
tt0000887,Drama
tt0000887,Short
tt0000888,Drama
tt0000888,Short
tt0000889,Short
tt0000889,Western
tt0000890,Short
tt0000890,Western
tt0000891,Comedy
tt0000891,Fantasy
tt0000891,Short
tt0000892,Comedy
tt0000892,Short
tt0000893,Short
tt0000893,Western
tt0000894,Drama
tt0000894,Short
tt0000895,Drama
tt0000895,Short
tt0000895,War
tt0000896,Drama
tt0000896,Mystery
tt0000896,Short
tt0000897,Drama
tt0000897,Short
tt0000898,Drama
tt0000898,Short
tt0000899,Short
tt0000899,Western
tt0000900,Short
tt0000901,Comedy
tt0000901,Short
tt0000902,Comedy
tt0000902,Short
tt0000903,Crime
tt0000903,Short
tt0000904,Drama
tt0000904,Short
tt0000904,Western
tt0000905,Short
tt0000906,Drama
tt0000906,Short
tt0000907,Drama
tt0000907,Short
tt0000908,Drama
tt0000908,Short
tt0000908,War
tt0000909,Drama
tt0000909,Short
tt0000910,Drama
tt0000910,Short
tt0000911,Drama
tt0000911,Short
tt0000912,Short
tt0000912,Western
tt0000913,Short
tt0000913,Western
tt0000914,Short
tt0000915,Comedy
tt0000915,Short
tt0000916,Comedy
tt0000916,Short
tt0000917,Comedy
tt0000917,Short
tt0000918,Drama
tt0000918,Short
tt0000919,Drama
tt0000919,Short
tt0000920,Comedy
tt0000920,Short
tt0000921,Comedy
tt0000921,Short
tt0000922,Comedy
tt0000922,Short
tt0000923,Drama
tt0000923,Short
tt0000924,Animation
tt0000924,Short
tt0000925,Short
tt0000925,Western
tt0000926,Drama
tt0000926,History
tt0000926,Short
tt0000927,Short
tt0000928,Drama
tt0000928,Short
tt0000929,Comedy
tt0000929,Short
tt0000930,Short
tt0000931,Short
tt0000932,Drama
tt0000932,Short
tt0000933,Comedy
tt0000933,Drama
tt0000933,Romance
tt0000934,Adventure
tt0000934,Short
tt0000935,Drama
tt0000935,Short
tt0000936,Drama
tt0000936,Short
tt0000938,Comedy
tt0000938,Short
tt0000939,Drama
tt0000939,Short
tt0000940,Drama
tt0000940,Short
tt0000941,Drama
tt0000942,Crime
tt0000942,Drama
tt0000942,Short
tt0000943,Comedy
tt0000943,Short
tt0000944,Drama
tt0000944,Short
tt0000945,Drama
tt0000945,Short
tt0000946,Comedy
tt0000946,Short
tt0000947,\N
tt0000948,Short
tt0000949,Short
tt0000950,Drama
tt0000950,Short
tt0000951,Drama
tt0000951,Short
tt0000952,Drama
tt0000952,Short
tt0000953,Drama
tt0000953,Short
tt0000954,Short
tt0000955,Comedy
tt0000955,Short
tt0000956,Drama
tt0000956,Short
tt0000957,Comedy
tt0000957,Short
tt0000958,Drama
tt0000958,Short
tt0000959,\N
tt0000960,Short
tt0000960,Western
tt0000961,Drama
tt0000961,Short
tt0000962,Short
tt0000963,Short
tt0000963,Western
tt0000964,Short
tt0000965,Comedy
tt0000965,Short
tt0000966,Drama
tt0000966,Fantasy
tt0000966,Romance
tt0000967,Short
tt0000968,Comedy
tt0000968,Short
tt0000969,Drama
tt0000969,History
tt0000969,Short
tt0000970,Biography
tt0000970,Drama
tt0000970,Short
tt0000971,Drama
tt0000971,Romance
tt0000971,Short
tt0000972,Drama
tt0000972,Short
tt0000974,Comedy
tt0000974,Short
tt0000975,Comedy
tt0000975,Short
tt0000976,Comedy
tt0000976,Short
tt0000977,Short
tt0000978,Short
tt0000979,Drama
tt0000979,Short
tt0000980,Drama
tt0000980,Short
tt0000981,Drama
tt0000981,Short
tt0000982,Comedy
tt0000982,Short
tt0000983,Short
tt0000984,\N
tt0000985,Drama
tt0000985,Short
tt0000986,Drama
tt0000986,Short
tt0000987,Comedy
tt0000987,Short
tt0000988,Comedy
tt0000988,Short
tt0000989,Comedy
tt0000989,Short
tt0000990,Drama
tt0000990,Short
tt0000991,Action
tt0000991,Drama
tt0000991,History
tt0000992,Short
tt0000993,Comedy
tt0000993,Short
tt0000994,Drama
tt0000994,Short
tt0000995,Drama
tt0000995,Short
tt0000996,Drama
tt0000996,Short
tt0000997,Drama
tt0000997,Short
tt0000998,Drama
tt0000998,Romance
tt0000998,Short
tt0000999,Drama
tt0000999,Short
tt0001000,Comedy
tt0001000,Short
tt0001001,Drama
tt0001001,Short
tt0001002,Comedy
tt0001002,Romance
tt0001002,Short
tt0001003,Comedy
tt0001003,Short
tt0001004,Short
tt0001005,Comedy
tt0001005,Short
tt0001006,Short
tt0001007,\N
tt0001008,Short
tt0001009,Comedy
tt0001009,Fantasy
tt0001009,Short
tt0001010,\N
tt0001011,Drama
tt0001011,Short
